Екатерина;ЕКАТЕРИНА;S f anim nom sg persn;;;а;н;и;р;е;т;S;ЕКАТЕРИНА;S f anim nom sg 
@;@;PUNC;;;;;;;;;PUNC;@;PUNC
Да;ДА;PART;слитно;;а;д;;;;;PART;ДА;PART
-;-;PUNC;;;;;;;;;PUNC;-;PUNC
а;А;PART;слитно;;а;;;;;;CONJ;А;CONJ
-;-;PUNC;;;;;;;;;PUNC;-;PUNC
а;А;PART;слитно;;а;;;;;;PART;А;PART
?;?;SENT;;;;;;;;;SENT;?;SENT
;;;;;;;;;;;;;
Ну;НУ;PART;;;у;н;;;;;PART;НУ;PART
,;,;PUNC;;;;;;;;;PUNC;,;PUNC
просто;ПРОСТО;PART;;;о;т;с;о;р;п;PART;ПРОСТО;PART
,;,;PUNC;;;;;;;;;PUNC;,;PUNC
дело;ДЕЛО;S n inan nom sg;;;о;л;е;д;;;S;ДЕЛО;S n inan nom sg
в;В;PR;;;в;;;;;;PR;В;PR
том;ТО;S n - loc2 sg;;;м;о;т;;;;S;ТО;S n - loc sg
,;,;PUNC;;;;;;;;;PUNC;,;PUNC
что;ЧТО;CONJ;;;о;т;ч;;;;CONJ;ЧТО;CONJ
в;В;PR;;;в;;;;;;PR;В;PR
университете;УНИВЕРСИТЕТ;S m inan loc2 sg;;;е;т;е;т;и;с;S;УНИВЕРСИТЕТ;S m inan loc sg
именно;ИМЕННО;PART;;;о;н;н;е;м;и;PART;ИМЕННО;PART
нормальная;НОРМАЛЬНЫЙ;A - nom sg plen f -;;;я;а;н;ь;л;а;A;НОРМАЛЬНЫЙ;A - nom sg plen f -
практика;ПРАКТИКА;S f inan nom sg;;;а;к;и;т;к;а;S;ПРАКТИКА;S f inan nom sg
?;?;SENT;;;;;;;;;SENT;?;SENT
;;;;;;;;;;;;;
Ну;НУ;PART;;;у;н;;;;;PART;НУ;PART
,;,;PUNC;;;;;;;;;PUNC;,;PUNC
как бы;как бы;-;;;ы;б; ;к;а;к;-;как бы;-
,;,;PUNC;;;;;;;;;PUNC;,;PUNC
нормальная;НОРМАЛЬНЫЙ;A - nom sg plen f -;;;я;а;н;ь;л;а;A;НОРМАЛЬНЫЙ;A - nom sg plen f -
?;?;SENT;;;;;;;;;SENT;?;SENT
;;;;;;;;;;;;;
Считается;СЧИТАТЬСЯ;V ipf praes sg indic intr 3p;;;я;с;т;е;а;т;V;СЧИТАТЬСЯ;V ipf praes sg indic - 3p
с;С;PR;;;с;;;;;;PR;С;PR
точки;ТОЧКА;S f inan gen sg;;;и;к;ч;о;т;;S;ТОЧКА;S f inan gen sg
зрения;ЗРЕНИЕ;S n inan gen sg;;;я;и;н;е;р;з;S;ЗРЕНИЕ;S n inan gen sg
привычки;ПРИВЫЧКА;S f inan gen sg;;;и;к;ч;ы;в;и;S;ПРИВЫЧКА;S f inan gen sg
,;,;PUNC;;;;;;;;;PUNC;,;PUNC
что;ЧТО;CONJ;;;о;т;ч;;;;CONJ;ЧТО;CONJ
преподаватель;ПРЕПОДАВАТЕЛЬ;S m-f anim nom sg;;;ь;л;е;т;а;в;S;ПРЕПОДАВАТЕЛЬ;S m anim nom sg
ставит;СТАВИТЬ;V ipf praes sg indic tran 3p;;;т;и;в;а;т;с;V;СТАВИТЬ;V ipf praes sg indic - 3p
себя;СЕБЯ;SPRO - - - acc;;;я;б;е;с;;;SPRO;СЕБЯ;SPRO - - - acc
выше;ВЫСОКО;ADV comp;;;е;ш;ы;в;;;ADV;ВЫСОКО;ADV comp
студентов;СТУДЕНТ;S m-f anim gen pl;;;в;о;т;н;е;д;S;СТУДЕНТ;S m anim gen pl
,;,;PUNC;;;;;;;;;PUNC;,;PUNC
вот;ВОТ;PARENTH;;;т;о;в;;;;PART;ВОТ;PART
,;,;PUNC;;;;;;;;;PUNC;,;PUNC
и;И;CONJ;;;и;;;;;;CONJ;И;CONJ
как бы;как бы;-;;;ы;б; ;к;а;к;-;как бы;-
получается;ПОЛУЧАТЬСЯ;V ipf praes sg indic - 3p;;;я;с;т;е;а;ч;V;ПОЛУЧАТЬСЯ;V ipf praes sg indic - 3p
,;,;PUNC;;;;;;;;;PUNC;,;PUNC
что;ЧТО;CONJ;;;о;т;ч;;;;CONJ;ЧТО;CONJ
всё;ВСЁ;PRAEDIC;всё равно - PRAEDIC ;;ё;с;в;;;;S;ВСЕ;S n - nom sg
равно;РАВНО;PRAEDIC;;;о;н;в;а;р;;A;РАВНЫЙ;A - - sg brev n -
небольшое;НЕБОЛЬШОЙ;A s nom sg plen n -;;;е;о;ш;ь;л;о;A;НЕБОЛЬШОЙ;A - nom sg plen n -
раболепие;РАБОЛЕПИЕ;S n inan nom sg;;;е;и;п;е;л;о;S;РАБОЛЕПИЕ;S n inan nom sg
выходит;ВЫХОДИТЬ;V ipf praes sg indic - 3p;;;т;и;д;о;х;ы;V;ВЫХОДИТЬ;V ipf praes sg indic - 3p
.;.;SENT;;;;;;;;;SENT;.;SENT
;;;;;;;;;;;;;
В;В;PR;;;в;;;;;;PR;В;PR
том;ТОТ;APRO - loc2 sg plen m -;;;м;о;т;;;;A;ТОТ;A - loc sg plen m -
плане;ПЛАН;S m inan loc2 sg;;;е;н;а;л;п;;S;ПЛАН;S m inan loc sg
,;,;PUNC;;;;;;;;;PUNC;,;PUNC
что;ЧТО;CONJ;;;о;т;ч;;;;CONJ;ЧТО;CONJ
ты;ТЫ;SPRO sg 2p - nom;;;ы;т;;;;;SPRO;ТЫ;SPRO sg 2p - nom
хочешь;ХОТЕТЬ;V ipf praes sg indic - 2p;;;ь;ш;е;ч;о;х;V;ХОТЕТЬ;V ipf praes sg indic - 2p
,;,;PUNC;;;;;;;;;PUNC;,;PUNC
вот;ВОТ;PARENTH;;;т;о;в;;;;PART;ВОТ;PART
,;,;PUNC;;;;;;;;;PUNC;,;PUNC
до;ДО;PR;;;о;д;;;;;PR;ДО;PR
его;ЕГО;APRO - nonflex nonflex plen - -;;;о;г;е;;;;A;ЕГО;A - nonflex nonflex plen - -
высот;ВЫСОТА;S f inan gen pl;;;т;о;с;ы;в;;S;ВЫСОТА;S f inan gen pl
достучаться;ДОСТУЧАТЬСЯ;V pf - - inf - -;;;я;с;ь;т;а;ч;V;ДОСТУЧАТЬСЯ;V pf - - inf - -
,;,;PUNC;;;;;;;;;PUNC;,;PUNC
чтобы;ЧТОБЫ;CONJ;;;ы;б;о;т;ч;;CONJ;ЧТОБЫ;CONJ
сказать;СКАЗАТЬ;V pf - - inf - -;;;ь;т;а;з;а;к;V;СКАЗАТЬ;V pf - - inf - -
,;,;PUNC;;;;;;;;;PUNC;,;PUNC
впечатлить;ВПЕЧАТЛИТЬ;V pf - - inf tran -;;;ь;т;и;л;т;а;V;ВПЕЧАТЛИТЬ;V pf - - inf - -
человека;ЧЕЛОВЕК;S m anim acc sg;;;а;к;е;в;о;л;S;ЧЕЛОВЕК;S m anim acc sg
,;,;PUNC;;;;;;;;;PUNC;,;PUNC
вот;ВОТ;PARENTH;;;т;о;в;;;;PART;ВОТ;PART
.;.;SENT;;;;;;;;;SENT;.;SENT
;;;;;;;;;;;;;
А;А;CONJ;;;а;;;;;;CONJ;А;CONJ
когда;КОГДА;ADV -;;;а;д;г;о;к;;ADV;КОГДА;ADV -
,;,;PUNC;;;;;;;;;PUNC;,;PUNC
ммм;МММ;INTJ;;;м;м;м;;;;S;МММ;S n inan loc sg
,;,;PUNC;;;;;;;;;PUNC;,;PUNC
преподаватель;ПРЕПОДАВАТЕЛЬ;S m-f anim nom sg;;;ь;л;е;т;а;в;S;ПРЕПОДАВАТЕЛЬ;S m anim nom sg
заранее;ЗАРАНЕЕ;ADV -;;;е;е;н;а;р;а;ADV;ЗАРАНЕЕ;ADV -
выстраивает;ВЫСТРАИВАТЬ;V ipf praes sg indic tran 3p;;;т;е;а;в;и;а;V;ВЫСТРАИВАТЬ;V ipf praes sg indic - 3p
такую;ТАКОЙ;APRO - acc sg f -;;;ю;у;к;а;т;;A;ТАКОЙ;A - acc sg plen f -
дискуссию;ДИСКУССИЯ;S f inan acc sg;;;ю;и;с;с;у;к;S;ДИСКУССИЯ;S f inan acc sg
тет-а-тет;ТЕТ-А-ТЕТ;ADV -;;;т;е;т;;а;;ADV;ТЕТ-А-ТЕТ;ADV -
,;,;PUNC;;;;;;;;;PUNC;,;PUNC
можно;МОЖНО;PRAEDIC;;;о;н;ж;о;м;;ADV;МОЖНО;ADV -
сказать;СКАЗАТЬ;V pf - - inf - -;;;ь;т;а;з;а;к;V;СКАЗАТЬ;V pf - - inf - -
,;,;PUNC;;;;;;;;;PUNC;,;PUNC
хотя;ХОТЯ;CONJ;;;я;т;о;х;;;CONJ;ХОТЯ;CONJ
сзади;СЗАДИ;ADV -;;;и;д;а;з;с;;ADV;СЗАДИ;ADV -
сидит;СИДЕТЬ;V ipf praes sg indic - 3p;;;т;и;д;и;с;;V;СИДЕТЬ;V ipf praes sg indic - 3p
еще;ЕЩЕ;ADV -;;;е;щ;е;;;;ADV;ЕЩЕ;ADV -
двадцать;ДВАДЦАТЬ;NUM nom - -;;;ь;т;а;ц;д;а;NUM;ДВАДЦАТЬ;NUM acc - -
человек;ЧЕЛОВЕК;S m-f anim nom sg;;;к;е;в;о;л;е;S;ЧЕЛОВЕК;S m anim nom sg
,;,;PUNC;;;;;;;;;PUNC;,;PUNC
это;ЭТО;SPRO n - nom sg;;;о;т;э;;;;S;ЭТО;S n - acc sg
дорогого;ДОРОГОЙ;A - acc sg plen n anim;;;о;г;о;г;о;р;A;ДОРОГОЙ;A - acc sg plen m anim
стоит;СТОИТЬ;V ipf praes sg indic - 3p;;;т;и;о;т;с;;V;СТОИТЬ;V ipf praes sg indic - 3p
и;И;CONJ;;;и;;;;;;CONJ;И;CONJ
&;&;PUNC;;;;;;;;;PUNC;&;PUNC
lt;LT;NONLEX;;;;;;;;;NONLEX;LT;NONLEX
";";";";PUNC;;;;;;;;;PUNC;";";PUNC
distinct;DISTINCT;NONLEX;;;;;;;;;NONLEX;DISTINCT;NONLEX
form;FORM;NONLEX;;;;;;;;;NONLEX;FORM;NONLEX
=;=;PUNC;;;;;;;;;PUNC;=;PUNC
&;&;PUNC;;;;;;;;;PUNC;&;PUNC
quot;QUOT;NONLEX;;;;;;;;;NONLEX;QUOT;NONLEX
";";";";PUNC;;;;;;;;;PUNC;";";PUNC
кбы;КАК БЫ;;distort;;ы;б;к;;;;NONLEX;КБЫ;NONLEX
&;&;PUNC;;;;;;;;;PUNC;&;PUNC
quot;QUOT;NONLEX;;;;;;;;;NONLEX;QUOT;NONLEX
";";";";SENT;;;;;;;;;SENT;";";SENT
;;;;;;;;;;;;;
&;&;PUNC;;;;;;;;;PUNC;&;PUNC
gt;GT;NONLEX;;;;;;;;;NONLEX;GT;NONLEX
";";";";PUNC;;;;;;;;;PUNC;";";PUNC
как бы;как бы;-;;;ы;б; ;к;а;к;-;как бы;-
&;&;PUNC;;;;;;;;;PUNC;&;PUNC
lt;LT;NONLEX;;;;;;;;;NONLEX;LT;NONLEX
";";";";SENT;;;;;;;;;SENT;";";SENT
;;;;;;;;;;;;;
/;/;PUNC;;;;;;;;;PUNC;/;PUNC
distinct;DISTINCT;NONLEX;;;;;;;;;NONLEX;DISTINCT;NONLEX
&;&;PUNC;;;;;;;;;PUNC;&;PUNC
gt;GT;NONLEX;;;;;;;;;NONLEX;GT;NONLEX
";";";";SENT;;;;;;;;;SENT;";";SENT
;;;;;;;;;;;;;
помогает;ПОМОГАТЬ;V ipf praes sg indic - 3p;;;т;е;а;г;о;м;V;ПОМОГАТЬ;V ipf praes sg indic - 3p
тебе;ТЫ;SPRO sg 2p - loc;;;е;б;е;т;;;SPRO;ТЫ;SPRO sg 2p - loc
лучше;ХОРОШО;ADV comp;;;е;ш;ч;у;л;;ADV;ХОРОШО;ADV comp
,;,;PUNC;;;;;;;;;PUNC;,;PUNC
во-первых;ВО-ПЕРВЫХ;PARENTH;;;х;ы;в;р;е;п;ADV;ВО-ПЕРВЫХ;ADV -
,;,;PUNC;;;;;;;;;PUNC;,;PUNC
разобраться;РАЗОБРАТЬСЯ;V pf - - inf - -;;;я;с;ь;т;а;р;V;РАЗОБРАТЬСЯ;V pf - - inf - -
со;СО;PR;;;о;с;;;;;PR;СО;PR
своими;СВОЙ;APRO - ins pl  - -;;;и;м;и;о;в;с;A;СВОЙ;A - ins pl plen - -
мыслями;МЫСЛЬ;S f inan ins pl;;;и;м;я;л;с;ы;S;МЫСЛЬ;S f inan ins pl
,;,;PUNC;;;;;;;;;PUNC;,;PUNC
потому что;потому что;ZERO;;;о;т;ч; ;у;м;ZERO;потому что;ZERO
,;,;PUNC;;;;;;;;;PUNC;,;PUNC
ну;НУ;PARENTH;;;у;н;;;;;PART;НУ;PART
,;,;PUNC;;;;;;;;;PUNC;,;PUNC
как бы;как бы;-;;;ы;б; ;к;а;к;-;как бы;-
,;,;PUNC;;;;;;;;;PUNC;,;PUNC
особенно;ОСОБЕННО;ADV -;;;о;н;н;е;б;о;ADV;ОСОБЕННО;ADV -
для;ДЛЯ;PR;;;я;л;д;;;;PR;ДЛЯ;PR
первых;ПЕРВЫЙ;ANUM - loc pl plen - -;;;х;ы;в;р;е;п;A;ПЕРВЫЙ;A - loc pl plen - -
лет;ГОД;S m inan gen pl;;;т;е;л;;;;S;ГОД;S m inan gen pl
студента;СТУДЕНТ;S m-f anim gen sg;;;а;т;н;е;д;у;S;СТУДЕНТ;S m anim gen sg
?;?;PUNC;;;;;;;;;PUNC;?;PUNC
это;ЭТО;SPRO n - nom sg;;;о;т;э;;;;S;ЭТО;S n - nom sg
?;?;SENT;;;;;;;;;SENT;?;SENT
;;;;;;;;;;;;;
Семинар;СЕМИНАР;S m inan nom sg;;;р;а;н;и;м;е;S;СЕМИНАР;S m inan nom sg
-;-;PUNC;;;;;;;;;PUNC;-;PUNC
это;ЭТО;SPRO n - nom sg;;;о;т;э;;;;S;ЭТО;S n - acc sg
&;&;PUNC;;;;;;;;;PUNC;&;PUNC
lt;LT;NONLEX;;;;;;;;;NONLEX;LT;NONLEX
";";";";PUNC;;;;;;;;;PUNC;";";PUNC
distinct;DISTINCT;NONLEX;;;;;;;;;NONLEX;DISTINCT;NONLEX
form;FORM;NONLEX;;;;;;;;;NONLEX;FORM;NONLEX
=;=;PUNC;;;;;;;;;PUNC;=;PUNC
&;&;PUNC;;;;;;;;;PUNC;&;PUNC
quot;QUOT;NONLEX;;;;;;;;;NONLEX;QUOT;NONLEX
";";";";PUNC;;;;;;;;;PUNC;";";PUNC
дльно;ДЕЙСТВИТЕЛЬНО;ADV;distort;;о;н;ь;л;д;;S;ДЛЬНОЕ;S n inan - sg
&;&;PUNC;;;;;;;;;PUNC;&;PUNC
quot;QUOT;NONLEX;;;;;;;;;NONLEX;QUOT;NONLEX
";";";";SENT;;;;;;;;;SENT;";";SENT
;;;;;;;;;;;;;
&;&;PUNC;;;;;;;;;PUNC;&;PUNC
gt;GT;NONLEX;;;;;;;;;NONLEX;GT;NONLEX
";";";";PUNC;;;;;;;;;PUNC;";";PUNC
действительно;ДЕЙСТВИТЕЛЬНО;ADV -;;;о;н;ь;л;е;т;ADV;ДЕЙСТВИТЕЛЬНО;ADV -
&;&;PUNC;;;;;;;;;PUNC;&;PUNC
lt;LT;NONLEX;;;;;;;;;NONLEX;LT;NONLEX
";";";";SENT;;;;;;;;;SENT;";";SENT
;;;;;;;;;;;;;
/;/;PUNC;;;;;;;;;PUNC;/;PUNC
distinct;DISTINCT;NONLEX;;;;;;;;;NONLEX;DISTINCT;NONLEX
&;&;PUNC;;;;;;;;;PUNC;&;PUNC
gt;GT;NONLEX;;;;;;;;;NONLEX;GT;NONLEX
";";";";PUNC;;;;;;;;;PUNC;";";PUNC
довольно;ДОВОЛЬНО;ADV -;;;о;н;ь;л;о;в;ADV;ДОВОЛЬНО;ADV -
болезненная;БОЛЕЗНЕННЫЙ;A - nom sg plen f -;;;я;а;н;н;е;н;A;БОЛЕЗНЕННЫЙ;A - nom sg plen f -
штука;ШТУКА;S f inan nom sg;;;а;к;у;т;ш;;S;ШТУКА;S f inan nom sg
,;,;PUNC;;;;;;;;;PUNC;,;PUNC
особенно;ОСОБЕННО;ADV -;;;о;н;н;е;б;о;ADV;ОСОБЕННО;ADV -
если;ЕСЛИ;CONJ;;;и;л;с;е;;;CONJ;ЕСЛИ;CONJ
ты;ТЫ;SPRO sg 2p - nom;;;ы;т;;;;;SPRO;ТЫ;SPRO sg 2p - nom
чувствительной;ЧУВСТВИТЕЛЬНЫЙ;A - gen sg plen f -;;;й;о;н;ь;л;е;A;ЧУВСТВИТЕЛЬНЫЙ;A - gen sg plen f -
,;,;PUNC;;;;;;;;;PUNC;,;PUNC
гуманитарной;ГУМАНИТАРНЫЙ;A - gen sg plen f -;;;й;о;н;р;а;т;A;ГУМАНИТАРНЫЙ;A - gen sg plen f -
направленности;НАПРАВЛЕННОСТЬ;S f inan gen sg;;;и;т;с;о;н;н;S;НАПРАВЛЕННОСТЬ;S f inan gen sg
человек;ЧЕЛОВЕК;S m anim gen pl;;;к;е;в;о;л;е;S;ЧЕЛОВЕК;S m anim gen pl
,;,;PUNC;;;;;;;;;PUNC;,;PUNC
во;ВО;NONLEX;слитно;;о;в;;;;;PR;ВО;PR
-;-;PUNC;;;;;;;;;PUNC;-;PUNC
о;О;NONLEX;слитно;;о;;;;;;S;О;S - - nonflex nonflex
-;-;PUNC;;;;;;;;;PUNC;-;PUNC
от;ОТ;NONLEX;слитно;;т;о;;;;;PR;ОТ;PR
.;.;SENT;;;;;;;;;SENT;.;SENT
;;;;;;;;;;;;;
И;И;CONJ;;;и;;;;;;CONJ;И;CONJ
как бы;как бы;-;;;ы;б; ;к;а;к;-;как бы;-
боишься;БОЯТЬСЯ;V ipf praes sg indic tran 2p;;;я;с;ь;ш;и;о;V;БОЯТЬСЯ;V ipf praes sg indic - 2p
,;,;PUNC;;;;;;;;;PUNC;,;PUNC
что;ЧТО;CONJ;;;о;т;ч;;;;CONJ;ЧТО;CONJ
препод;ПРЕПОД;S m-f anim nom sg;;;д;о;п;е;р;п;S;ПРЕПОД;S m anim nom sg
почувствует;ПОЧУВСТВОВАТЬ;V pf fut sg indic tran 3p;;;т;е;у;в;т;с;V;ПОЧУВСТВОВАТЬ;V pf fut sg indic - 3p
,;,;PUNC;;;;;;;;;PUNC;,;PUNC
вот;ВОТ;PARENTH;;;т;о;в;;;;PART;ВОТ;PART
,;,;PUNC;;;;;;;;;PUNC;,;PUNC
и;И;CONJ;;;и;;;;;;CONJ;И;CONJ
когда;КОГДА;CONJ;;;а;д;г;о;к;;CONJ;КОГДА;CONJ
человек;ЧЕЛОВЕК;S m anim nom sg;;;к;е;в;о;л;е;S;ЧЕЛОВЕК;S m anim nom sg
&;&;PUNC;;;;;;;;;PUNC;&;PUNC
lt;LT;NONLEX;;;;;;;;;NONLEX;LT;NONLEX
";";";";PUNC;;;;;;;;;PUNC;";";PUNC
distinct;DISTINCT;NONLEX;;;;;;;;;NONLEX;DISTINCT;NONLEX
form;FORM;NONLEX;;;;;;;;;NONLEX;FORM;NONLEX
=;=;PUNC;;;;;;;;;PUNC;=;PUNC
&;&;PUNC;;;;;;;;;PUNC;&;PUNC
quot;QUOT;NONLEX;;;;;;;;;NONLEX;QUOT;NONLEX
";";";";PUNC;;;;;;;;;PUNC;";";PUNC
дстильно;ДЕЙСТИТЕЛЬНО;ADV -;distort;;о;н;ь;л;и;т;ADV;ДСТИЛЬНО;ADV -
&;&;PUNC;;;;;;;;;PUNC;&;PUNC
quot;QUOT;NONLEX;;;;;;;;;NONLEX;QUOT;NONLEX
";";";";SENT;;;;;;;;;SENT;";";SENT
;;;;;;;;;;;;;
&;&;PUNC;;;;;;;;;PUNC;&;PUNC
gt;GT;NONLEX;;;;;;;;;NONLEX;GT;NONLEX
";";";";PUNC;;;;;;;;;PUNC;";";PUNC
действительно;ДЕЙСТВИТЕЛЬНО;ADV -;;;о;н;ь;л;е;т;ADV;ДЕЙСТВИТЕЛЬНО;ADV -
&;&;PUNC;;;;;;;;;PUNC;&;PUNC
lt;LT;NONLEX;;;;;;;;;NONLEX;LT;NONLEX
";";";";SENT;;;;;;;;;SENT;";";SENT
;;;;;;;;;;;;;
/;/;PUNC;;;;;;;;;PUNC;/;PUNC
distinct;DISTINCT;NONLEX;;;;;;;;;NONLEX;DISTINCT;NONLEX
&;&;PUNC;;;;;;;;;PUNC;&;PUNC
gt;GT;NONLEX;;;;;;;;;NONLEX;GT;NONLEX
";";";";SENT;;;;;;;;;SENT;";";SENT
;;;;;;;;;;;;;
сидит;СИДЕТЬ;V ipf praes sg indic - 3p;;;т;и;д;и;с;;V;СИДЕТЬ;V ipf praes sg indic - 3p
напротив;НАПРОТИВ;PR;;;в;и;т;о;р;п;PR;НАПРОТИВ;PR
тебя;ТЫ;SPRO sg 2p - acc;;;я;б;е;т;;;SPRO;ТЫ;SPRO sg 2p - acc
и;И;CONJ;;;и;;;;;;CONJ;И;CONJ
интересуется;ИНТЕРЕСОВАТЬСЯ;V ipf praes sg indic - 3p;;;я;с;т;е;у;с;V;ИНТЕРЕСОВАТЬСЯ;V ipf praes sg indic - 3p
твоим;ТВОЙ;APRO - ins sg  n -;;;м;и;о;в;т;;A;ТВОЙ;A - ins sg plen m -
мнением;МНЕНИЕ;S n inan ins sg;;;м;е;и;н;е;н;S;МНЕНИЕ;S n inan ins sg
-;-;PUNC;;;;;;;;;PUNC;-;PUNC
это;ЭТО;SPRO n - nom sg;;;о;т;э;;;;S;ЭТО;S n - nom sg
очень;ОЧЕНЬ;ADV -;;;ь;н;е;ч;о;;ADV;ОЧЕНЬ;ADV -
круто;КРУТО;PRAEDIC;;;о;т;у;р;к;;ADV;КРУТО;ADV -
.;.;SENT;;;;;;;;;SENT;.;SENT
;;;;;;;;;;;;;
И;И;CONJ;;;и;;;;;;CONJ;И;CONJ
у;У;PR;;;у;;;;;;PR;У;PR
нас;МЫ;SPRO pl 1p - loc2;;;с;а;н;;;;SPRO;МЫ;SPRO pl 1p - loc
даже;ДАЖЕ;PART;;;е;ж;а;д;;;PART;ДАЖЕ;PART
,;,;PUNC;;;;;;;;;PUNC;,;PUNC
кстати;КСТАТИ;PARENTH;;;и;т;а;т;с;к;ADV;КСТАТИ;ADV -
,;,;PUNC;;;;;;;;;PUNC;,;PUNC
дискуссия;ДИСКУССИЯ;S f inan nom sg;;;я;и;с;с;у;к;S;ДИСКУССИЯ;S f inan nom sg
,;,;PUNC;;;;;;;;;PUNC;,;PUNC
она;ОНА;SPRO sg 3p f nom;;;а;н;о;;;;SPRO;ОНА;SPRO sg 3p f nom
продолжается;ПРОДОЛЖАТЬСЯ;V ipf praes sg indic intr  3p;;;я;с;т;е;а;ж;V;ПРОДОЛЖАТЬСЯ;V ipf praes sg indic - 3p
и;И;CONJ;;;и;;;;;;CONJ;И;CONJ
на;НА;PR;;;а;н;;;;;PR;НА;PR
лекции;ЛЕКЦИЯ;S f inan loc2 sg;;;и;и;ц;к;е;л;S;ЛЕКЦИЯ;S f inan loc sg
,;,;PUNC;;;;;;;;;PUNC;,;PUNC
то есть;то есть;-;;;ь;т;с;е; ;о;-;то есть;-
,;,;PUNC;;;;;;;;;PUNC;,;PUNC
как бы;как бы;-;;;ы;б; ;к;а;к;-;как бы;-
,;,;PUNC;;;;;;;;;PUNC;,;PUNC
у;У;PR;;;у;;;;;;PR;У;PR
нас;МЫ;SPRO pl 1p - loc2;;;с;а;н;;;;SPRO;МЫ;SPRO pl 1p - loc
из-за;ИЗ-ЗА;PR;;;а;з;;з;и;;PR;ИЗ-ЗА;PR
того;ТО;SPRO n - gen sg;;;о;г;о;т;;;S;ТО;S n - gen sg
,;,;PUNC;;;;;;;;;PUNC;,;PUNC
что;ЧТО;CONJ;;;о;т;ч;;;;CONJ;ЧТО;CONJ
семинар;СЕМИНАР;S m inan nom sg;;;р;а;н;и;м;е;S;СЕМИНАР;S m inan nom sg
раньше;РАНО;ADV comp;;;е;ш;ь;н;а;р;ADV;РАНО;ADV comp
лекции;ЛЕКЦИЯ;S f inan acc sg;;;и;и;ц;к;е;л;S;ЛЕКЦИЯ;S f inan acc pl
,;,;PUNC;;;;;;;;;PUNC;,;PUNC
мы;МЫ;SPRO pl 1p - nom;;;ы;м;;;;;SPRO;МЫ;SPRO pl 1p - nom
,;,;PUNC;;;;;;;;;PUNC;,;PUNC
то есть;то есть;-;;;ь;т;с;е; ;о;-;то есть;-
мы;МЫ;SPRO pl 1p - nom;;;ы;м;;;;;SPRO;МЫ;SPRO pl 1p - nom
обсуждаем;ОБСУЖДАТЬ;V ipf praes pl indic - 1p;;;м;е;а;д;ж;у;V;ОБСУЖДАТЬ;V ipf praes pl indic - 1p
всё;ВСЕ;SPRO n - acc sg;;;ё;с;в;;;;S;ВСЕ;S n - acc sg
,;,;PUNC;;;;;;;;;PUNC;,;PUNC
что;ЧТО;SPRO n inan acc sg;;;о;т;ч;;;;S;ЧТО;S n inan acc sg
будет;БЫТЬ;V ipf fut sg indic - 3p;;;т;е;д;у;б;;V;БЫТЬ;V ipf praes sg indic - 3p
,;,;PUNC;;;;;;;;;PUNC;,;PUNC
всё;ВСЕ;SPRO n - acc sg;;;ё;с;в;;;;ADV;ВСЕ;ADV -
,;,;PUNC;;;;;;;;;PUNC;,;PUNC
о;О;PR;;;о;;;;;;PR;О;PR
чем;ЧЕМ;SPRO - inan loc sg;;;м;е;ч;;;;CONJ;ЧЕМ;CONJ
нам;МЫ;SPRO pl 1p - dat;;;м;а;н;;;;SPRO;МЫ;SPRO pl 1p - dat
будут;БЫТЬ;V ipf fut pl indic - 3p;;;т;у;д;у;б;;V;БЫТЬ;V ipf praes pl indic - 3p
&;&;PUNC;;;;;;;;;PUNC;&;PUNC
lt;LT;NONLEX;;;;;;;;;NONLEX;LT;NONLEX
";";";";PUNC;;;;;;;;;PUNC;";";PUNC
distinct;DISTINCT;NONLEX;;;;;;;;;NONLEX;DISTINCT;NONLEX
form;FORM;NONLEX;;;;;;;;;NONLEX;FORM;NONLEX
=;=;PUNC;;;;;;;;;PUNC;=;PUNC
&;&;PUNC;;;;;;;;;PUNC;&;PUNC
quot;QUOT;NONLEX;;;;;;;;;NONLEX;QUOT;NONLEX
";";";";PUNC;;;;;;;;;PUNC;";";PUNC
нм;МЫ;SPRO pl 1p - dat;distort;;м;н;;;;;NONLEX;НМ;NONLEX
&;&;PUNC;;;;;;;;;PUNC;&;PUNC
quot;QUOT;NONLEX;;;;;;;;;NONLEX;QUOT;NONLEX
";";";";SENT;;;;;;;;;SENT;";";SENT
;;;;;;;;;;;;;
&;&;PUNC;;;;;;;;;PUNC;&;PUNC
gt;GT;NONLEX;;;;;;;;;NONLEX;GT;NONLEX
";";";";PUNC;;;;;;;;;PUNC;";";PUNC
нам;МЫ;SPRO pl 1p - dat;;;м;а;н;;;;SPRO;МЫ;SPRO pl 1p - dat
&;&;PUNC;;;;;;;;;PUNC;&;PUNC
lt;LT;NONLEX;;;;;;;;;NONLEX;LT;NONLEX
";";";";SENT;;;;;;;;;SENT;";";SENT
;;;;;;;;;;;;;
/;/;PUNC;;;;;;;;;PUNC;/;PUNC
distinct;DISTINCT;NONLEX;;;;;;;;;NONLEX;DISTINCT;NONLEX
&;&;PUNC;;;;;;;;;PUNC;&;PUNC
gt;GT;NONLEX;;;;;;;;;NONLEX;GT;NONLEX
";";";";SENT;;;;;;;;;SENT;";";SENT
;;;;;;;;;;;;;
рассказывать;РАССКАЗЫВАТЬ;V ipf - - inf tran -;;;ь;т;а;в;ы;з;V;РАССКАЗЫВАТЬ;V ipf - - inf - -
на;НА;PR;;;а;н;;;;;PR;НА;PR
лекции;ЛЕКЦИЯ;S f inan loc2 sg;;;и;и;ц;к;е;л;S;ЛЕКЦИЯ;S f inan loc sg
,;,;PUNC;;;;;;;;;PUNC;,;PUNC
на;НА;PR;;;а;н;;;;;PR;НА;PR
семинаре;СЕМИНАР;S m inan loc2 sg;;;е;р;а;н;и;м;S;СЕМИНАР;S m inan loc sg
.;.;SENT;;;;;;;;;SENT;.;SENT
;;;;;;;;;;;;;
И;И;CONJ;слитно;;и;;;;;;CONJ;И;CONJ
-;-;PUNC;;;;;;;;;PUNC;-;PUNC
и;И;CONJ;слитно;;и;;;;;;CONJ;И;CONJ
-;-;PUNC;;;;;;;;;PUNC;-;PUNC
и;И;CONJ;слитно;;и;;;;;;CONJ;И;CONJ
даже;ДАЖЕ;PART;;;е;ж;а;д;;;PART;ДАЖЕ;PART
&;&;PUNC;;;;;;;;;PUNC;&;PUNC
lt;LT;NONLEX;;;;;;;;;NONLEX;LT;NONLEX
";";";";PUNC;;;;;;;;;PUNC;";";PUNC
distinct;DISTINCT;NONLEX;;;;;;;;;NONLEX;DISTINCT;NONLEX
form;FORM;NONLEX;;;;;;;;;NONLEX;FORM;NONLEX
=;=;PUNC;;;;;;;;;PUNC;=;PUNC
&;&;PUNC;;;;;;;;;PUNC;&;PUNC
quot;QUOT;NONLEX;;;;;;;;;NONLEX;QUOT;NONLEX
";";";";PUNC;;;;;;;;;PUNC;";";PUNC
нмсмотря;НЕСМОТРЯ;ADV;;;я;р;т;о;м;с;V;НМСМОТРЕТЬ;V ipf praes - ger - -
&;&;PUNC;;;;;;;;;PUNC;&;PUNC
quot;QUOT;NONLEX;;;;;;;;;NONLEX;QUOT;NONLEX
";";";";SENT;;;;;;;;;SENT;";";SENT
;;;;;;;;;;;;;
&;&;PUNC;;;;;;;;;PUNC;&;PUNC
gt;GT;NONLEX;;;;;;;;;NONLEX;GT;NONLEX
";";";";PUNC;;;;;;;;;PUNC;";";PUNC
несмотря;НЕСМОТРЯ;PR;;;я;р;т;о;м;с;ADV;НЕСМОТРЯ;ADV -
&;&;PUNC;;;;;;;;;PUNC;&;PUNC
lt;LT;NONLEX;;;;;;;;;NONLEX;LT;NONLEX
";";";";SENT;;;;;;;;;SENT;";";SENT
;;;;;;;;;;;;;
/;/;PUNC;;;;;;;;;PUNC;/;PUNC
distinct;DISTINCT;NONLEX;;;;;;;;;NONLEX;DISTINCT;NONLEX
&;&;PUNC;;;;;;;;;PUNC;&;PUNC
gt;GT;NONLEX;;;;;;;;;NONLEX;GT;NONLEX
";";";";SENT;;;;;;;;;SENT;";";SENT
;;;;;;;;;;;;;
на;НА;PR;;;а;н;;;;;PR;НА;PR
то;ТО;SPRO n - acc sg;;;о;т;;;;;S;ТО;S n - acc sg
что;ЧТО;CONJ;;;о;т;ч;;;;CONJ;ЧТО;CONJ
информация;ИНФОРМАЦИЯ;S f inan nom sg;;;я;и;ц;а;м;р;S;ИНФОРМАЦИЯ;S f inan nom sg
перекрещивается;ПЕРЕКРЕЩИВАТЬСЯ;V ipf praes sg indic intr 3p;;;я;с;т;е;а;в;V;ПЕРЕКРЕЩИВАТЬСЯ;V ipf praes sg indic - 3p
,;,;PUNC;;;;;;;;;PUNC;,;PUNC
она;ОНА;SPRO sg 3p f nom;;;а;н;о;;;;SPRO;ОНА;SPRO sg 3p f nom
,;,;PUNC;;;;;;;;;PUNC;,;PUNC
как бы;как бы;-;;;ы;б; ;к;а;к;-;как бы;-
,;,;PUNC;;;;;;;;;PUNC;,;PUNC
&;&;PUNC;;;;;;;;;PUNC;&;PUNC
lt;LT;NONLEX;;;;;;;;;NONLEX;LT;NONLEX
";";";";PUNC;;;;;;;;;PUNC;";";PUNC
distinct;DISTINCT;NONLEX;;;;;;;;;NONLEX;DISTINCT;NONLEX
form;FORM;NONLEX;;;;;;;;;NONLEX;FORM;NONLEX
=;=;PUNC;;;;;;;;;PUNC;=;PUNC
&;&;PUNC;;;;;;;;;PUNC;&;PUNC
quot;QUOT;NONLEX;;;;;;;;;NONLEX;QUOT;NONLEX
";";";";PUNC;;;;;;;;;PUNC;";";PUNC
тип;ТИПА;PART;distort;;п;и;т;;;;S;ТИП;S m inan acc sg
&;&;PUNC;;;;;;;;;PUNC;&;PUNC
quot;QUOT;NONLEX;;;;;;;;;NONLEX;QUOT;NONLEX
";";";";SENT;;;;;;;;;SENT;";";SENT
;;;;;;;;;;;;;
&;&;PUNC;;;;;;;;;PUNC;&;PUNC
gt;GT;NONLEX;;;;;;;;;NONLEX;GT;NONLEX
";";";";PUNC;;;;;;;;;PUNC;";";PUNC
типа;ТИПА;PART;;;а;п;и;т;;;S;ТИП;S m inan gen sg
&;&;PUNC;;;;;;;;;PUNC;&;PUNC
lt;LT;NONLEX;;;;;;;;;NONLEX;LT;NONLEX
";";";";SENT;;;;;;;;;SENT;";";SENT
;;;;;;;;;;;;;
/;/;PUNC;;;;;;;;;PUNC;/;PUNC
distinct;DISTINCT;NONLEX;;;;;;;;;NONLEX;DISTINCT;NONLEX
&;&;PUNC;;;;;;;;;PUNC;&;PUNC
gt;GT;NONLEX;;;;;;;;;NONLEX;GT;NONLEX
";";";";SENT;;;;;;;;;SENT;";";SENT
;;;;;;;;;;;;;
друг;ДРУГ;S - - nom sg;;;г;у;р;д;;;S;ДРУГ;S - - nom sg
друга;ДРУГ;S - - gen sg;;;а;г;у;р;д;;S;ДРУГ;S - - acc sg
дополняет;ДОПОЛНЯТЬ;V ipf praes sg indic - 3p;;;т;е;я;н;л;о;V;ДОПОЛНЯТЬ;V ipf praes sg indic - 3p
,;,;PUNC;;;;;;;;;PUNC;,;PUNC
то есть;то есть;-;;;ь;т;с;е; ;о;-;то есть;-
мы;МЫ;SPRO pl 1p - nom;;;ы;м;;;;;SPRO;МЫ;SPRO pl 1p - nom
не;НЕ;PART;;;е;н;;;;;PART;НЕ;PART
говорим;ГОВОРИТЬ;V ipf praes pl indic - 1p;;;м;и;р;о;в;о;V;ГОВОРИТЬ;V ipf praes pl indic - 1p
одни;ОДИН;ANUM - acc pl ;;;и;н;д;о;;;A;ОДИН;A - acc pl plen - inan
и;И;CONJ;;;и;;;;;;CONJ;И;CONJ
те;ТОТ;APRO - acc pl  - -;;;е;т;;;;;A;ТОТ;A - nom pl plen - -
же;ЖЕ;PART;;;е;ж;;;;;PART;ЖЕ;PART
слова;СЛОВО;S n inan acc pl;;;а;в;о;л;с;;S;СЛОВО;S n inan nom pl
просто;ПРОСТО;ADV;;;о;т;с;о;р;п;PART;ПРОСТО;PART
&;&;PUNC;;;;;;;;;PUNC;&;PUNC
lt;LT;NONLEX;;;;;;;;;NONLEX;LT;NONLEX
";";";";PUNC;;;;;;;;;PUNC;";";PUNC
distinct;DISTINCT;NONLEX;;;;;;;;;NONLEX;DISTINCT;NONLEX
form;FORM;NONLEX;;;;;;;;;NONLEX;FORM;NONLEX
=;=;PUNC;;;;;;;;;PUNC;=;PUNC
&;&;PUNC;;;;;;;;;PUNC;&;PUNC
quot;QUOT;NONLEX;;;;;;;;;NONLEX;QUOT;NONLEX
";";";";PUNC;;;;;;;;;PUNC;";";PUNC
соврш;СОВЕРШЕННО;ADV -;distort;;ш;р;в;о;с;;S;СОВРШ;S m inan acc sg
&;&;PUNC;;;;;;;;;PUNC;&;PUNC
quot;QUOT;NONLEX;;;;;;;;;NONLEX;QUOT;NONLEX
";";";";SENT;;;;;;;;;SENT;";";SENT
;;;;;;;;;;;;;
&;&;PUNC;;;;;;;;;PUNC;&;PUNC
gt;GT;NONLEX;;;;;;;;;NONLEX;GT;NONLEX
";";";";PUNC;;;;;;;;;PUNC;";";PUNC
совершенно;СОВЕРШЕННО;ADV -;;;о;н;н;е;ш;р;ADV;СОВЕРШЕННО;ADV -
&;&;PUNC;;;;;;;;;PUNC;&;PUNC
lt;LT;NONLEX;;;;;;;;;NONLEX;LT;NONLEX
";";";";SENT;;;;;;;;;SENT;";";SENT
;;;;;;;;;;;;;
/;/;PUNC;;;;;;;;;PUNC;/;PUNC
distinct;DISTINCT;NONLEX;;;;;;;;;NONLEX;DISTINCT;NONLEX
&;&;PUNC;;;;;;;;;PUNC;&;PUNC
gt;GT;NONLEX;;;;;;;;;NONLEX;GT;NONLEX
";";";";SENT;;;;;;;;;SENT;";";SENT
;;;;;;;;;;;;;
Ну;НУ;PART;;;у;н;;;;;PART;НУ;PART
,;,;PUNC;;;;;;;;;PUNC;,;PUNC
как бы;как бы;-;;;ы;б; ;к;а;к;-;как бы;-
,;,;PUNC;;;;;;;;;PUNC;,;PUNC
два;ДВА;ADNUM nom m anim;;;а;в;д;;;;NUM;ДВА;NUM acc m inan
человека;ЧЕЛОВЕК;S m anim gen sg;;;а;к;е;в;о;л;S;ЧЕЛОВЕК;S m anim gen sg
с;С;PR;;;с;;;;;;PR;С;PR
разным;РАЗНЫЙ;A - ins sg plen m -;;;м;ы;н;з;а;р;A;РАЗНЫЙ;A - ins sg plen m -
опытом;ОПЫТ;S m inan ins sg;;;м;о;т;ы;п;о;S;ОПЫТ;S m inan ins sg
-;-;PUNC;;;;;;;;;PUNC;-;PUNC
то есть;то есть;-;;;ь;т;с;е; ;о;-;то есть;-
наш;НАШ;APRO - nom sg plen m -;;;ш;а;н;;;;A;НАШ;A - nom sg plen m -
семинарист;СЕМИНАРИСТ;S m anim nom sg;;;т;с;и;р;а;н;S;СЕМИНАРИСТ;S m anim nom sg
,;,;PUNC;;;;;;;;;PUNC;,;PUNC
он;ОН;SPRO sg 3p m nom;;;н;о;;;;;SPRO;ОН;SPRO sg 3p m nom
помладше;МЛАДШИЙ;A comp2 - - plen - -;;;е;ш;д;а;л;м;A;МЛАДШИЙ;A comp - - plen - -
,;,;PUNC;;;;;;;;;PUNC;,;PUNC
а;А;CONJ;;;а;;;;;;CONJ;А;CONJ
лектор;ЛЕКТОР;S m anim nom sg;;;р;о;т;к;е;л;S;ЛЕКТОР;S m anim nom sg
,;,;PUNC;;;;;;;;;PUNC;,;PUNC
лектор;ЛЕКТОР;S m anim nom sg;;;р;о;т;к;е;л;S;ЛЕКТОР;S m anim nom sg
?;?;SENT;;;;;;;;;SENT;?;SENT
;;;;;;;;;;;;;
&;&;PUNC;;;;;;;;;PUNC;&;PUNC
lt;LT;NONLEX;;;;;;;;;NONLEX;LT;NONLEX
";";";";PUNC;;;;;;;;;PUNC;";";PUNC
span;SPAN;NONLEX;;;;;;;;;NONLEX;SPAN;NONLEX
class;CLASS;NONLEX;;;;;;;;;NONLEX;CLASS;NONLEX
=;=;PUNC;;;;;;;;;PUNC;=;PUNC
&;&;PUNC;;;;;;;;;PUNC;&;PUNC
quot;QUOT;NONLEX;;;;;;;;;NONLEX;QUOT;NONLEX
";";";";PUNC;;;;;;;;;PUNC;";";PUNC
note;NOTE;NONLEX;;;;;;;;;NONLEX;NOTE;NONLEX
&;&;PUNC;;;;;;;;;PUNC;&;PUNC
quot;QUOT;NONLEX;;;;;;;;;NONLEX;QUOT;NONLEX
";";";";SENT;;;;;;;;;SENT;";";SENT
;;;;;;;;;;;;;
&;&;PUNC;;;;;;;;;PUNC;&;PUNC
gt;GT;NONLEX;;;;;;;;;NONLEX;GT;NONLEX
";";";";SENT;;;;;;;;;SENT;";";SENT
;;;;;;;;;;;;;
Говорят;ГОВОРИТЬ;NONLEX;;;т;я;р;о;в;о;V;ГОВОРИТЬ;V ipf praes pl indic - 3p
одновременно;ОДНОВРЕМЕННО;NONLEX;;;о;н;н;е;м;е;ADV;ОДНОВРЕМЕННО;ADV -
&;&;PUNC;;;;;;;;;PUNC;&;PUNC
lt;LT;NONLEX;;;;;;;;;NONLEX;LT;NONLEX
";";";";SENT;;;;;;;;;SENT;";";SENT
;;;;;;;;;;;;;
/;/;PUNC;;;;;;;;;PUNC;/;PUNC
span;SPAN;NONLEX;;;;;;;;;NONLEX;SPAN;NONLEX
&;&;PUNC;;;;;;;;;PUNC;&;PUNC
gt;GT;NONLEX;;;;;;;;;NONLEX;GT;NONLEX
";";";";SENT;;;;;;;;;SENT;";";SENT
;;;;;;;;;;;;;
Дарья;ДАРЬЯ;S f anim nom sg persn;;;я;ь;р;а;д;;S;ДАРЬЯ;S f anim nom sg
@;@;PUNC;;;;;;;;;PUNC;@;PUNC
Подожди;ПОДОЖДАТЬ;V pf - sg imper - 2p;;;и;д;ж;о;д;о;V;ПОДОЖДАТЬ;V pf - sg imper - 2p
,;,;PUNC;;;;;;;;;PUNC;,;PUNC
у;У;PR;;;у;;;;;;PR;У;PR
вас;ВЫ;SPRO pl 2p - acc;;;с;а;в;;;;SPRO;ВЫ;SPRO pl 2p - loc
типа;ТИПА;PART;distort;;а;п;и;т;;;S;ТИП;S m inan gen sg
лектор;ЛЕКТОР;S m anim nom sg;;;р;о;т;к;е;л;S;ЛЕКТОР;S m anim nom sg
и;И;CONJ;;;и;;;;;;CONJ;И;CONJ
семинарист;СЕМИНАРИСТ;S m anim nom sg;;;т;с;и;р;а;н;S;СЕМИНАРИСТ;S m anim nom sg
-;-;PUNC;;;;;;;;;PUNC;-;PUNC
это;ЭТО;S n - nom sg;;;о;т;э;;;;S;ЭТО;S n - nom sg
разные;РАЗНЫЙ;A - nom pl plen - -;;;е;ы;н;з;а;р;A;РАЗНЫЙ;A - nom pl plen - -
люди;ЧЕЛОВЕК;S m anim nom pl;;;и;д;ю;л;;;S;ЧЕЛОВЕК;S m anim nom pl
?;?;SENT;;;;;;;;;SENT;?;SENT
;;;;;;;;;;;;;
Екатерина;ЕКАТЕРИНА;S f anim nom sg persn;;;а;н;и;р;е;т;S;ЕКАТЕРИНА;S f anim nom sg
@;@;PUNC;;;;;;;;;PUNC;@;PUNC
Да;ДА;PART;;;а;д;;;;;PART;ДА;PART
-;-;PUNC;;;;;;;;;PUNC;-;PUNC
а;А;PART;слитно;;а;;;;;;CONJ;А;CONJ
-;-;PUNC;;;;;;;;;PUNC;-;PUNC
а;А;PART;слитно;;а;;;;;;PART;А;PART
?;?;SENT;;;;;;;;;SENT;?;SENT
;;;;;;;;;;;;;
И;И;CONJ;;;и;;;;;;CONJ;И;CONJ
у;У;PR;;;у;;;;;;PR;У;PR
нас;МЫ;SPRO pl 1p - loc2;;;с;а;н;;;;SPRO;МЫ;SPRO pl 1p - loc
лектор;ЛЕКТОР;S m anim nom sg;;;р;о;т;к;е;л;S;ЛЕКТОР;S m anim nom sg
?;?;SENT;;;;;;;;;SENT;?;SENT
;;;;;;;;;;;;;
Вот;ВОТ;PART;;;т;о;в;;;;PART;ВОТ;PART
третья;ТРЕТИЙ;ANUM - nom sg plen f -;;;я;ь;т;е;р;т;A;ТРЕТИЙ;A - nom sg plen f -
лекция;ЛЕКЦИЯ;S f inan nom sg;;;я;и;ц;к;е;л;S;ЛЕКЦИЯ;S f inan nom sg
,;,;PUNC;;;;;;;;;PUNC;,;PUNC
третья;ТРЕТИЙ;ANUM - nom sg plen f -;;;я;ь;т;е;р;т;A;ТРЕТИЙ;A - nom sg plen f -
пара;ПАРА;S f inan nom sg;;;а;р;а;п;;;S;ПАРА;S f inan nom sg
лекций;ЛЕКЦИЯ;S f inan gen pl;;;й;и;ц;к;е;л;S;ЛЕКЦИЯ;S f inan gen pl
,;,;PUNC;;;;;;;;;PUNC;,;PUNC
третий;ТРЕТИЙ;ANUM - nom sg plen m -;;;й;и;т;е;р;т;A;ТРЕТИЙ;A - nom sg plen m -
раз;РАЗ;S m inan acc sg;;;з;а;р;;;;S;РАЗ;S m inan acc sg
меняются;МЕНЯТЬСЯ;V ipf praes pl indic intr 3p;anom;;я;с;т;ю;я;н;V;МЕНЯТЬСЯ;V ipf praes pl indic - 3p
.;.;SENT;;;;;;;;;SENT;.;SENT
;;;;;;;;;;;;;
У;У;PR;;;у;;;;;;PR;У;PR
нас;МЫ;SPRO pl 1p - loc2;;;с;а;н;;;;SPRO;МЫ;SPRO pl 1p - loc
вообще;ВООБЩЕ;ADV -;;;е;щ;б;о;о;в;ADV;ВООБЩЕ;ADV -
был;БЫТЬ;V ipf praet sg indic m -;;;л;ы;б;;;;V;БЫТЬ;V ipf praet sg indic m -
какой-то;КАКОЙ-ТО;APRO - nom sg m -;;;о;т;;й;о;к;A;КАКОЙ-ТО;A - nom sg plen m -
чувак;ЧУВАК;S m anim nom sg;;;к;а;в;у;ч;;S;ЧУВАК;S m anim nom sg
из;ИЗ;PR;;;з;и;;;;;PR;ИЗ;PR
Америки;АМЕРИКА;S f inan gen sg;;;и;к;и;р;е;м;S;АМЕРИКА;S f inan gen sg
,;,;PUNC;;;;;;;;;PUNC;,;PUNC
который;КОТОРЫЙ;APRO - nom sg plen m -;;;й;ы;р;о;т;о;A;КОТОРЫЙ;A - nom sg plen m -
говорил;ГОВОРИТЬ;V ipf praet sg indic m -;;;л;и;р;о;в;о;V;ГОВОРИТЬ;V ipf praet sg indic m -
про;ПРО;PR;;;о;р;п;;;;PR;ПРО;PR
то;ТО;SPRO n - acc sg;;;о;т;;;;;S;ТО;S n - acc sg
,;,;PUNC;;;;;;;;;PUNC;,;PUNC
что;ЧТО;CONJ;;;о;т;ч;;;;CONJ;ЧТО;CONJ
он;ОН;SPRO sg 3p m nom;;;н;о;;;;;SPRO;ОН;SPRO sg 3p m nom
там;ТАМ;ADV -;;;м;а;т;;;;ADV;ТАМ;ADV -
вымирающий;ВЫМИРАТЬ;PARTCP ipf inpraes acc sg plen m act inan;;;й;и;щ;ю;а;р;PARTCP;ВЫМИРАТЬ;PARTCP ipf inpraes acc sg plen m act inan
вид;ВИД;S m inan acc sg;;;д;и;в;;;;S;ВИД;S m inan acc sg
,;,;PUNC;;;;;;;;;PUNC;,;PUNC
который;КОТОРЫЙ;APRO - nom sg plen m -;;;й;ы;р;о;т;о;A;КОТОРЫЙ;A - nom sg plen m -
учился;УЧИТЬСЯ;V ipf praet sg indic m -;;;я;с;л;и;ч;у;V;УЧИТЬСЯ;V ipf praet sg indic m -
на;НА;PR;;;а;н;;;;;PR;НА;PR
факультете;ФАКУЛЬТЕТ;S m inan loc2 sg;;;е;т;е;т;ь;л;S;ФАКУЛЬТЕТ;S m inan loc sg
сов;СОВЕТОЛОГИЯ;S f inan gen sg;distort;;в;о;с;;;;S;СОВА;S f anim gen pl
-;-;PUNC;;;;;;;;;PUNC;-;PUNC
советологии;СОВЕТОЛОГИЯ;S f inan gen sg;;;и;и;г;о;л;о;S;СОВЕТОЛОГИЯ;S m inan gen sg
.;.;SENT;;;;;;;;;SENT;.;SENT
;;;;;;;;;;;;;
Дарья;ДАРЬЯ;S f anim nom sg persn;;;я;ь;р;а;д;;S;ДАРЬЯ;S f anim nom sg
@;@;PUNC;;;;;;;;;PUNC;@;PUNC
Чего;ЧЕГО;SPRO - gen sg  ;;;о;г;е;ч;;;ADV;ЧЕГО;ADV -
-;-;PUNC;;;;;;;;;PUNC;-;PUNC
чего;ЧТО;S n - acc sg;;;о;г;е;ч;;;S;ЧТО;S n - gen sg
ф;Ф;S - - nonflex nonflex;;;ф;;;;;;S;Ф;S - - nonflex nonflex
..?;..?;SENT;;;;;;;;;SENT;..?;SENT
;;;;;;;;;;;;;
Екатерина;ЕКАТЕРИНА;S f anim nom sg pers;;;а;н;и;р;е;т;S;ЕКАТЕРИНА;S f anim nom sg
@;@;PUNC;;;;;;;;;PUNC;@;PUNC
С;С;PR;;;с;;;;;;PR;С;PR
-;-;PUNC;;;;;;;;;PUNC;-;PUNC
советологии;СОВЕТОЛОГИЯ;S f inan gen sg;;;и;и;г;о;л;о;S;СОВЕТОЛОГИЯ;S f inan loc sg
,;,;PUNC;;;;;;;;;PUNC;,;PUNC
короче;КОРОЧЕ;PARENTH;;;е;ч;о;р;о;к;ADV;КОРОЧЕ;ADV comp
.;.;SENT;;;;;;;;;SENT;.;SENT
;;;;;;;;;;;;;
&;&;PUNC;;;;;;;;;PUNC;&;PUNC
lt;LT;NONLEX;;;;;;;;;NONLEX;LT;NONLEX
";";";";PUNC;;;;;;;;;PUNC;";";PUNC
noindex;NOINDEX;NONLEX;;;;;;;;;NONLEX;NOINDEX;NONLEX
&;&;PUNC;;;;;;;;;PUNC;&;PUNC
gt;GT;NONLEX;;;;;;;;;NONLEX;GT;NONLEX
";";";";SENT;;;;;;;;;SENT;";";SENT
;;;;;;;;;;;;;
[;[;PUNC;;;;;;;;;PUNC;[;PUNC
нрзб;НРЗБ;NONLEX;;;б;з;р;н;;;NONLEX;НРЗБ;NONLEX
];];PUNC;;;;;;;;;PUNC;];PUNC
&;&;PUNC;;;;;;;;;PUNC;&;PUNC
lt;LT;NONLEX;;;;;;;;;NONLEX;LT;NONLEX
";";";";SENT;;;;;;;;;SENT;";";SENT
;;;;;;;;;;;;;
/;/;PUNC;;;;;;;;;PUNC;/;PUNC
noindex;NOINDEX;NONLEX;;;;;;;;;NONLEX;NOINDEX;NONLEX
&;&;PUNC;;;;;;;;;PUNC;&;PUNC
gt;GT;NONLEX;;;;;;;;;NONLEX;GT;NONLEX
";";";";SENT;;;;;;;;;SENT;";";SENT
;;;;;;;;;;;;;
Дарья;ДАРЬЯ;S f anim nom sg pers;;;я;ь;р;а;д;;S;ДАРЬЯ;S f anim nom sg
@;@;PUNC;;;;;;;;;PUNC;@;PUNC
А;А;CONJ;;;а;;;;;;CONJ;А;CONJ
,;,;PUNC;;;;;;;;;PUNC;,;PUNC
это;ЭТО;SPRO n - nom sg;;;о;т;э;;;;S;ЭТО;S n - acc sg
типа;ТИПА;PART;;;а;п;и;т;;;S;ТИП;S m inan gen sg
как;КАК;CONJ;;;к;а;к;;;;CONJ;КАК;CONJ
востоковедение;ВОСТОКОВЕДЕНИЕ;S n inan acc sg;;;е;и;н;е;д;е;S;ВОСТОКОВЕДЕНИЕ;S n inan acc sg
,;,;PUNC;;;;;;;;;PUNC;,;PUNC
только;ТОЛЬКО;PART;;;о;к;ь;л;о;т;PART;ТОЛЬКО;PART
типа;ТИПА;PART;;;а;п;и;т;;;S;ТИП;S m inan gen sg
русистика;РУСИСТИКА;S f inan nom sg;;;а;к;и;т;с;и;S;РУСИСТИКА;S f inan nom sg
и;И;CONJ;;;и;;;;;;CONJ;И;CONJ
?;?;SENT;;;;;;;;;SENT;?;SENT
;;;;;;;;;;;;;
Екатерина;ЕКАТЕРИНА;S f anim nom sg pers;;;а;н;и;р;е;т;S;ЕКАТЕРИНА;S f anim nom sg
@;@;PUNC;;;;;;;;;PUNC;@;PUNC
Да;ДА;PART;слитно;;а;д;;;;;PART;ДА;PART
-;-;PUNC;;;;;;;;;PUNC;-;PUNC
да;ДА;PART;слитно;;а;д;;;;;PART;ДА;PART
-;-;PUNC;;;;;;;;;PUNC;-;PUNC
да;ДА;PART;слитно;;а;д;;;;;PART;ДА;PART
.;.;SENT;;;;;;;;;SENT;.;SENT
;;;;;;;;;;;;;
И;И;CONJ;;;и;;;;;;CONJ;И;CONJ
еще;ЕЩЕ;ADV -;;;е;щ;е;;;;ADV;ЕЩЕ;ADV -
крем;КРЕМЛИНОЛОГИЯ;S f inan nom sg;;;м;е;р;к;;;S;КРЕМ;S m inan nom sg
-;-;PUNC;;;;;;;;;PUNC;-;PUNC
кремлинология;КРЕМЛИНОЛОГИЯ;S f inan nom sg;;;я;и;г;о;л;о;S;КРЕМЛИНОЛОГИЯ;S f inan nom sg
есть;БЫТЬ;V ipf praes sg indic - 3p;;;ь;т;с;е;;;V;БЫТЬ;V ipf praes sg indic - 3p
,;,;PUNC;;;;;;;;;PUNC;,;PUNC
когда;КОГДА;ADV -;;;а;д;г;о;к;;ADV;КОГДА;ADV -
?;?;SENT;;;;;;;;;SENT;?;SENT
;;;;;;;;;;;;;
А;А;CONJ;;;а;;;;;;CONJ;А;CONJ
знаешь;ЗНАТЬ;V ipf praes sg indic - 2p;;;ь;ш;е;а;н;з;V;ЗНАТЬ;V ipf praes sg indic - 2p
,;,;PUNC;;;;;;;;;PUNC;,;PUNC
что;ЧТО;CONJ;;;о;т;ч;;;;CONJ;ЧТО;CONJ
такое;ТАКОЙ;APRO - acc sg plen n -;;;е;о;к;а;т;;A;ТАКОЙ;A - nom sg plen n -
кремлинология;КРЕМЛИНОЛОГИЯ;S f inan nom sg;;;я;и;г;о;л;о;S;КРЕМЛИНОЛОГИЯ;S f inan nom sg
?;?;SENT;;;;;;;;;SENT;?;SENT
;;;;;;;;;;;;;
Кстати;КСТАТИ;ADV -;;;и;т;а;т;с;к;ADV;КСТАТИ;ADV -
,;,;PUNC;;;;;;;;;PUNC;,;PUNC
мне;Я;SPRO sg 1p - dat;;;е;н;м;;;;SPRO;Я;SPRO sg 1p - loc
вот;ВОТ;PART;;;т;о;в;;;;PART;ВОТ;PART
эта;ЭТОТ;APRO - nom sg plen f -;;;а;т;э;;;;A;ЭТОТ;A - nom sg plen f -
фигня;ФИГНЯ;S f inan nom sg;;;я;н;г;и;ф;;S;ФИГНЯ;S f inan nom sg
понравилась;ПОНРАВИТЬСЯ;V pf praet sg indic f -;;;ь;с;а;л;и;в;V;ПОНРАВИТЬСЯ;V pf praet sg indic f -
,;,;PUNC;;;;;;;;;PUNC;,;PUNC
но;НО;CONJ;слитно;;о;н;;;;;CONJ;НО;CONJ
-;-;PUNC;;;;;;;;;PUNC;-;PUNC
о;О;INTJ;слитно;;о;;;;;;INTJ;О;INTJ
-;-;PUNC;;;;;;;;;PUNC;-;PUNC
о;О;INTJ;слитно;;о;;;;;;INTJ;О;INTJ
я;Я;SPRO sg 1p - nom;;;я;;;;;;SPRO;Я;SPRO sg 1p - nom
не;НЕ;PART;;;е;н;;;;;PART;НЕ;PART
знаю;ЗНАТЬ;V ipf praes sg indic - 1p;;;ю;а;н;з;;;V;ЗНАТЬ;V ipf praes sg indic - 1p
,;,;PUNC;;;;;;;;;PUNC;,;PUNC
как;КАК;CONJ;;;к;а;к;;;;CONJ;КАК;CONJ
это;ЭТО;SPRO n - nom sg;;;о;т;э;;;;S;ЭТО;S n - nom sg
можно;МОЖНО;ADV -;;;о;н;ж;о;м;;ADV;МОЖНО;ADV -
в;В;PR;;;в;;;;;;PR;В;PR
отдельную;ОТДЕЛЬНЫЙ;A - acc sg plen f -;;;ю;у;н;ь;л;е;A;ОТДЕЛЬНЫЙ;A - acc sg plen f -
вообще;ВООБЩЕ;ADV -;;;е;щ;б;о;о;в;ADV;ВООБЩЕ;ADV -
специальность;СПЕЦИАЛЬНОСТЬ;S f inan acc sg;;;ь;т;с;о;н;ь;S;СПЕЦИАЛЬНОСТЬ;S f inan nom sg
вывести;ВЫВЕСТИ;V pf - - inf tran -;;;и;т;с;е;в;ы;V;ВЫВЕСТИ;V pf - - inf - -
.;.;SENT;;;;;;;;;SENT;.;SENT
;;;;;;;;;;;;;
Типа;ТИПА;PART;;;а;п;и;т;;;S;ТИП;S m inan gen sg
,;,;PUNC;;;;;;;;;PUNC;,;PUNC
из-за;ИЗ-ЗА;PR;;;а;з;;з;и;;PR;ИЗ-ЗА;PR
того;ТО;SPRO n - gen sg;;;о;г;о;т;;;S;ТО;S n - gen sg
,;,;PUNC;;;;;;;;;PUNC;,;PUNC
что;ЧТО;CONJ;;;о;т;ч;;;;CONJ;ЧТО;CONJ
в;В;PR;;;в;;;;;;PR;В;PR
&;&;PUNC;;;;;;;;;PUNC;&;PUNC
lt;LT;NONLEX;;;;;;;;;NONLEX;LT;NONLEX
";";";";PUNC;;;;;;;;;PUNC;";";PUNC
distinct;DISTINCT;NONLEX;;;;;;;;;NONLEX;DISTINCT;NONLEX
form;FORM;NONLEX;;;;;;;;;NONLEX;FORM;NONLEX
=;=;PUNC;;;;;;;;;PUNC;=;PUNC
&;&;PUNC;;;;;;;;;PUNC;&;PUNC
quot;QUOT;NONLEX;;;;;;;;;NONLEX;QUOT;NONLEX
";";";";PUNC;;;;;;;;;PUNC;";";PUNC
эсэсэсэр;Союз Советских Социалистических Республик;S m inan loc2 sg;abbr;;р;э;с;э;с;э;S;ЭСЭСЭСЭР;S f inan nom sg
&;&;PUNC;;;;;;;;;PUNC;&;PUNC
quot;QUOT;NONLEX;;;;;;;;;NONLEX;QUOT;NONLEX
";";";";SENT;;;;;;;;;SENT;";";SENT
;;;;;;;;;;;;;
&;&;PUNC;;;;;;;;;PUNC;&;PUNC
gt;GT;NONLEX;;;;;;;;;NONLEX;GT;NONLEX
";";";";SENT;;;;;;;;;SENT;";";SENT
;;;;;;;;;;;;;
СССР;Союз Советских Социалистических Республик;S m inan loc2 sg;abbr;;р;с;с;с;;;S;СССР;S m inan gen sg
&;&;PUNC;;;;;;;;;PUNC;&;PUNC
lt;LT;NONLEX;;;;;;;;;NONLEX;LT;NONLEX
";";";";SENT;;;;;;;;;SENT;";";SENT
;;;;;;;;;;;;;
/;/;PUNC;;;;;;;;;PUNC;/;PUNC
distinct;DISTINCT;NONLEX;;;;;;;;;NONLEX;DISTINCT;NONLEX
&;&;PUNC;;;;;;;;;PUNC;&;PUNC
gt;GT;NONLEX;;;;;;;;;NONLEX;GT;NONLEX
";";";";PUNC;;;;;;;;;PUNC;";";PUNC
было;БЫТЬ;V ipf praet sg indic n -;;;о;л;ы;б;;;V;БЫТЬ;V ipf praet sg indic n -
очень;ОЧЕНЬ;ADV -;;;ь;н;е;ч;о;;ADV;ОЧЕНЬ;ADV -
мало;МАЛО;ADV -;;;о;л;а;м;;;ADV;МАЛО;ADV -
,;,;PUNC;;;;;;;;;PUNC;,;PUNC
ну;НУ;PART;;;у;н;;;;;PART;НУ;PART
,;,;PUNC;;;;;;;;;PUNC;,;PUNC
информации;ИНФОРМАЦИЯ;S f inan gen sg;;;и;и;ц;а;м;р;S;ИНФОРМАЦИЯ;S f inan gen sg
,;,;PUNC;;;;;;;;;PUNC;,;PUNC
о;О;PR;;;о;;;;;;PR;О;PR
внутренней;ВНУТРЕННИЙ;A - loc sg plen f -;;;й;е;н;н;е;р;A;ВНУТРЕННИЙ;A - loc sg plen f -
атмосфере;АТМОСФЕРА;S f inan loc sg;;;е;р;е;ф;с;о;S;АТМОСФЕРА;S f inan loc sg
политической;ПОЛИТИЧЕСКИЙ;A - loc sg plen f -;;;й;о;к;с;е;ч;A;ПОЛИТИЧЕСКИЙ;A - gen sg plen f -
?;?;SENT;;;;;;;;;SENT;?;SENT
;;;;;;;;;;;;;
&;&;PUNC;;;;;;;;;PUNC;&;PUNC
lt;LT;NONLEX;;;;;;;;;NONLEX;LT;NONLEX
";";";";PUNC;;;;;;;;;PUNC;";";PUNC
noindex;NOINDEX;NONLEX;;;;;;;;;NONLEX;NOINDEX;NONLEX
&;&;PUNC;;;;;;;;;PUNC;&;PUNC
gt;GT;NONLEX;;;;;;;;;NONLEX;GT;NONLEX
";";";";SENT;;;;;;;;;SENT;";";SENT
;;;;;;;;;;;;;
[;[;PUNC;;;;;;;;;PUNC;[;PUNC
нрзб;НРЗБ;NONLEX;;;б;з;р;н;;;NONLEX;НРЗБ;NONLEX
];];PUNC;;;;;;;;;PUNC;];PUNC
&;&;PUNC;;;;;;;;;PUNC;&;PUNC
lt;LT;NONLEX;;;;;;;;;NONLEX;LT;NONLEX
";";";";SENT;;;;;;;;;SENT;";";SENT
;;;;;;;;;;;;;
/;/;PUNC;;;;;;;;;PUNC;/;PUNC
noindex;NOINDEX;NONLEX;;;;;;;;;NONLEX;NOINDEX;NONLEX
&;&;PUNC;;;;;;;;;PUNC;&;PUNC
gt;GT;NONLEX;;;;;;;;;NONLEX;GT;NONLEX
";";";";SENT;;;;;;;;;SENT;";";SENT
;;;;;;;;;;;;;
Атмосфере;АТМОСФЕРА;S f inan loc sg;;;е;р;е;ф;с;о;S;АТМОСФЕРА;S f inan loc sg
?;?;SENT;;;;;;;;;SENT;?;SENT
;;;;;;;;;;;;;
Дарья;ДАРЬЯ;S f anim nom sg persn;;;я;ь;р;а;д;;S;ДАРЬЯ;S f anim nom sg
@;@;PUNC;;;;;;;;;PUNC;@;PUNC
Во;ВО;PR;;;о;в;;;;;PR;ВО;PR
всём;ВЕСЬ;APRO - loc2 sg plen n -;;;м;ё;с;в;;;A;ВЕСЬ;A - loc sg plen n -
этом;ЭТО;SPRO n - loc2 sg;;;м;о;т;э;;;S;ЭТО;S n - loc sg
,;,;PUNC;;;;;;;;;PUNC;,;PUNC
короче;КОРОЧЕ;PARENTH;;;е;ч;о;р;о;к;ADV;КОРОЧЕ;ADV comp
.;.;SENT;;;;;;;;;SENT;.;SENT
;;;;;;;;;;;;;
Екатерина;ЕКАТЕРИНА;S f anim nom sg persn;;;а;н;и;р;е;т;S;ЕКАТЕРИНА;S f anim nom sg
@;@;PUNC;;;;;;;;;PUNC;@;PUNC
Во;ВО;PR;;;о;в;;;;;PR;ВО;PR
всём;ВЕСЬ;APRO - loc2 sg plen - -;;;м;ё;с;в;;;A;ВЕСЬ;A - dat pl plen - -
,;,;PUNC;;;;;;;;;PUNC;,;PUNC
во;ВО;PR;;;о;в;;;;;PR;ВО;PR
всём;ВЕСЬ;APRO - loc2 pl plen n -;;;м;ё;с;в;;;A;ВЕСЬ;A - loc sg plen n -
этом;ЭТО;SPRO n - loc2 sg;;;м;о;т;э;;;S;ЭТО;S n - loc sg
.;.;SENT;;;;;;;;;SENT;.;SENT
;;;;;;;;;;;;;
Ну;НУ;PART;;;у;н;;;;;PART;НУ;PART
,;,;PUNC;;;;;;;;;PUNC;,;PUNC
то есть;то есть;-;;;ь;т;с;е; ;о;-;то есть;-
,;,;PUNC;;;;;;;;;PUNC;,;PUNC
не;НЕ;PART;;;е;н;;;;;PART;НЕ;PART
выходило;ВЫХОДИТЬ;V ipf praet sg indic n -;;;о;л;и;д;о;х;V;ВЫХОДИТЬ;V ipf praet sg indic n -
,;,;PUNC;;;;;;;;;PUNC;,;PUNC
вот;ВОТ;PART;;;т;о;в;;;;PART;ВОТ;PART
как;КАК;CONJ;;;к;а;к;;;;CONJ;КАК;CONJ
сейчас;СЕЙЧАС;ADV -;;;с;а;ч;й;е;с;ADV;СЕЙЧАС;ADV -
,;,;PUNC;;;;;;;;;PUNC;,;PUNC
там;ТАМ;ADV -;;;м;а;т;;;;ADV;ТАМ;ADV -
официальных;ОФИЦИАЛЬНЫЙ;A - gen pl plen - -;;;х;ы;н;ь;л;а;A;ОФИЦИАЛЬНЫЙ;A - gen pl plen - -
каких-то;КАКОЙ-ТО;APRO - gen pl plen - -;;;о;т;;х;и;к;A;КАКОЙ-ТО;A - gen pl plen - -
документов;ДОКУМЕНТ;S m inan gen pl;;;в;о;т;н;е;м;S;ДОКУМЕНТ;S m inan gen pl
в;В;PR;;;в;;;;;;PR;В;PR
открытом;ОТКРЫТЫЙ;A - loc2 sg plen m -;;;м;о;т;ы;р;к;A;ОТКРЫТЫЙ;A - loc sg plen m -
доступе;ДОСТУП;S m inan loc2 sg;;;е;п;у;т;с;о;S;ДОСТУП;S m inan loc sg
.;.;SENT;;;;;;;;;SENT;.;SENT
;;;;;;;;;;;;;
&;&;PUNC;;;;;;;;;PUNC;&;PUNC
lt;LT;NONLEX;;;;;;;;;NONLEX;LT;NONLEX
";";";";PUNC;;;;;;;;;PUNC;";";PUNC
distinct;DISTINCT;NONLEX;;;;;;;;;NONLEX;DISTINCT;NONLEX
form;FORM;NONLEX;;;;;;;;;NONLEX;FORM;NONLEX
=;=;PUNC;;;;;;;;;PUNC;=;PUNC
&;&;PUNC;;;;;;;;;PUNC;&;PUNC
quot;QUOT;NONLEX;;;;;;;;;NONLEX;QUOT;NONLEX
";";";";SENT;;;;;;;;;SENT;";";SENT
;;;;;;;;;;;;;
Вобщ;ВООБЩЕ;ADV;distort;;щ;б;о;в;;;NONLEX;ВОБЩ;NONLEX
&;&;PUNC;;;;;;;;;PUNC;&;PUNC
quot;QUOT;NONLEX;;;;;;;;;NONLEX;QUOT;NONLEX
";";";";SENT;;;;;;;;;SENT;";";SENT
;;;;;;;;;;;;;
&;&;PUNC;;;;;;;;;PUNC;&;PUNC
gt;GT;NONLEX;;;;;;;;;NONLEX;GT;NONLEX
";";";";PUNC;;;;;;;;;PUNC;";";PUNC
вообще;ВООБЩЕ;ADV;;;е;щ;б;о;о;в;ADV;ВООБЩЕ;ADV -
&;&;PUNC;;;;;;;;;PUNC;&;PUNC
lt;LT;NONLEX;;;;;;;;;NONLEX;LT;NONLEX
";";";";SENT;;;;;;;;;SENT;";";SENT
;;;;;;;;;;;;;
/;/;PUNC;;;;;;;;;PUNC;/;PUNC
distinct;DISTINCT;NONLEX;;;;;;;;;NONLEX;DISTINCT;NONLEX
&;&;PUNC;;;;;;;;;PUNC;&;PUNC
gt;GT;NONLEX;;;;;;;;;NONLEX;GT;NONLEX
";";";";SENT;;;;;;;;;SENT;";";SENT
;;;;;;;;;;;;;
,;,;PUNC;;;;;;;;;PUNC;,;PUNC
не;НЕ;PART;;;е;н;;;;;PART;НЕ;PART
было;БЫТЬ;V ipf praet sg indic n -;;;о;л;ы;б;;;V;БЫТЬ;V ipf praet sg indic n -
,;,;PUNC;;;;;;;;;PUNC;,;PUNC
не;НЕ;PART;;;е;н;;;;;PART;НЕ;PART
было;БЫТЬ;V ipf praet sg indic n -;;;о;л;ы;б;;;V;БЫТЬ;V ipf praet sg indic n -
понятия;ПОНЯТИЕ;S n inan gen sg;;;я;и;т;я;н;о;S;ПОНЯТИЕ;S n inan gen sg
открытого;ОТКРЫТЫЙ;A - gen sg plen m -;;;о;г;о;т;ы;р;A;ОТКРЫТЫЙ;A - gen sg plen m -
доступа;ДОСТУП;S m inan gen sg;;;а;п;у;т;с;о;S;ДОСТУП;S m inan gen sg
вообще;ВООБЩЕ;ADV -;;;е;щ;б;о;о;в;ADV;ВООБЩЕ;ADV -
,;,;PUNC;;;;;;;;;PUNC;,;PUNC
во;ВО;CONJ;слитно;;о;в;;;;;PR;ВО;PR
-;-;PUNC;;;;;;;;;PUNC;-;PUNC
о;О;CONJ;слитно;;о;;;;;;S;О;S - - nonflex nonflex
-;-;PUNC;;;;;;;;;PUNC;-;PUNC
от;ОТ;CONJ;слитно;;т;о;;;;;PR;ОТ;PR
.;.;SENT;;;;;;;;;SENT;.;SENT
;;;;;;;;;;;;;
И;И;CONJ;;;и;;;;;;CONJ;И;CONJ
они;ОНИ;SPRO pl - - nom;;;и;н;о;;;;SPRO;ОНИ;SPRO pl - - nom
изучали;ИЗУЧАТЬ;V ipf praet pl indic - -;;;и;л;а;ч;у;з;V;ИЗУЧАТЬ;V ipf praet pl indic - -
,;,;PUNC;;;;;;;;;PUNC;,;PUNC
короче;КОРОЧЕ;PARENTH;;;е;ч;о;р;о;к;A;КОРОТКИЙ;A comp - - plen - -
,;,;PUNC;;;;;;;;;PUNC;,;PUNC
по;ПО;PR;;;о;п;;;;;PR;ПО;PR
фотографиям;ФОТОГРАФИЯ;S f inan ins pl;;;м;я;и;ф;а;р;S;ФОТОГРАФИЯ;S f inan dat pl
,;,;PUNC;;;;;;;;;PUNC;,;PUNC
по;ПО;PR;;;о;п;;;;;PR;ПО;PR
каким-то;КАКОЙ-ТО;APRO - ins sg plen m -;;;о;т;;м;и;к;A;КАКОЙ-ТО;A - ins sg plen m -
документам;ДОКУМЕНТ;S m inan dat pl;;;м;а;т;н;е;м;S;ДОКУМЕНТ;S m inan dat pl
,;,;PUNC;;;;;;;;;PUNC;,;PUNC
он;ОН;SPRO sg 3p m nom;;;н;о;;;;;SPRO;ОН;SPRO sg 3p m nom
сказал;СКАЗАТЬ;V pf praet sg indic m -;;;л;а;з;а;к;с;V;СКАЗАТЬ;V pf praet sg indic m -
.;.;SENT;;;;;;;;;SENT;.;SENT
;;;;;;;;;;;;;
Но;НО;CONJ;;;о;н;;;;;CONJ;НО;CONJ
я;Я;SPRO sg 1p - nom;;;я;;;;;;SPRO;Я;SPRO sg 1p - nom
вот;ВОТ;PART;;;т;о;в;;;;PART;ВОТ;PART
не;НЕ;PART;;;е;н;;;;;PART;НЕ;PART
могу;МОЧЬ;V ipf praes sg indic - 1p;;;у;г;о;м;;;V;МОЧЬ;V ipf praes sg indic - 1p
&;&;PUNC;;;;;;;;;PUNC;&;PUNC
lt;LT;NONLEX;;;;;;;;;NONLEX;LT;NONLEX
";";";";PUNC;;;;;;;;;PUNC;";";PUNC
distinct;DISTINCT;NONLEX;;;;;;;;;NONLEX;DISTINCT;NONLEX
form;FORM;NONLEX;;;;;;;;;NONLEX;FORM;NONLEX
=;=;PUNC;;;;;;;;;PUNC;=;PUNC
&;&;PUNC;;;;;;;;;PUNC;&;PUNC
quot;QUOT;NONLEX;;;;;;;;;NONLEX;QUOT;NONLEX
";";";";PUNC;;;;;;;;;PUNC;";";PUNC
щас;ЩАС;ADV -;;;с;а;щ;;;;ADV;ЩАС;ADV -
&;&;PUNC;;;;;;;;;PUNC;&;PUNC
quot;QUOT;NONLEX;;;;;;;;;NONLEX;QUOT;NONLEX
";";";";SENT;;;;;;;;;SENT;";";SENT
;;;;;;;;;;;;;
&;&;PUNC;;;;;;;;;PUNC;&;PUNC
gt;GT;NONLEX;;;;;;;;;NONLEX;GT;NONLEX
";";";";PUNC;;;;;;;;;PUNC;";";PUNC
сейчас;СЕЙЧАС;ADV -;;;с;а;ч;й;е;с;ADV;СЕЙЧАС;ADV -
&;&;PUNC;;;;;;;;;PUNC;&;PUNC
lt;LT;NONLEX;;;;;;;;;NONLEX;LT;NONLEX
";";";";SENT;;;;;;;;;SENT;";";SENT
;;;;;;;;;;;;;
/;/;PUNC;;;;;;;;;PUNC;/;PUNC
distinct;DISTINCT;NONLEX;;;;;;;;;NONLEX;DISTINCT;NONLEX
&;&;PUNC;;;;;;;;;PUNC;&;PUNC
gt;GT;NONLEX;;;;;;;;;NONLEX;GT;NONLEX
";";";";SENT;;;;;;;;;SENT;";";SENT
;;;;;;;;;;;;;
даже;ДАЖЕ;CONJ;;;е;ж;а;д;;;CONJ;ДАЖЕ;CONJ
вспомнить;ВСПОМНИТЬ;V pf - - inf - -;;;ь;т;и;н;м;о;V;ВСПОМНИТЬ;V pf - - inf - -
документы;ДОКУМЕНТ;S m inan acc pl;;;ы;т;н;е;м;у;S;ДОКУМЕНТ;S m inan acc pl
,;,;PUNC;;;;;;;;;PUNC;,;PUNC
которые;КОТОРЫЙ;A - nom pl plen - -;;;е;ы;р;о;т;о;A;КОТОРЫЙ;A - nom pl plen - -
были;БЫТЬ;V ipf praet pl indic - -;;;и;л;ы;б;;;V;БЫТЬ;V ipf praet pl indic - -
доступны;ДОСТУПНЫЙ;A ins - pl brev - -;;;ы;н;п;у;т;с;A;ДОСТУПНЫЙ;A - - pl brev - -
&;&;PUNC;;;;;;;;;PUNC;&;PUNC
lt;LT;NONLEX;;;;;;;;;NONLEX;LT;NONLEX
";";";";PUNC;;;;;;;;;PUNC;";";PUNC
noindex;NOINDEX;NONLEX;;;;;;;;;NONLEX;NOINDEX;NONLEX
&;&;PUNC;;;;;;;;;PUNC;&;PUNC
gt;GT;NONLEX;;;;;;;;;NONLEX;GT;NONLEX
";";";";SENT;;;;;;;;;SENT;";";SENT
;;;;;;;;;;;;;
[;[;PUNC;;;;;;;;;PUNC;[;PUNC
нрзб;НРЗБ;NONLEX;;;б;з;р;н;;;NONLEX;НРЗБ;NONLEX
];];PUNC;;;;;;;;;PUNC;];PUNC
&;&;PUNC;;;;;;;;;PUNC;&;PUNC
lt;LT;NONLEX;;;;;;;;;NONLEX;LT;NONLEX
";";";";SENT;;;;;;;;;SENT;";";SENT
;;;;;;;;;;;;;
/;/;PUNC;;;;;;;;;PUNC;/;PUNC
noindex;NOINDEX;NONLEX;;;;;;;;;NONLEX;NOINDEX;NONLEX
&;&;PUNC;;;;;;;;;PUNC;&;PUNC
gt;GT;NONLEX;;;;;;;;;NONLEX;GT;NONLEX
";";";";SENT;;;;;;;;;SENT;";";SENT
;;;;;;;;;;;;;
Ну;НУ;PART;;;у;н;;;;;PART;НУ;PART
,;,;PUNC;;;;;;;;;PUNC;,;PUNC
короче;КОРОЧЕ;PARENTH;;;е;ч;о;р;о;к;ADV;КОРОЧЕ;ADV comp
,;,;PUNC;;;;;;;;;PUNC;,;PUNC
по;ПО;PR;;;о;п;;;;;PR;ПО;PR
фотографиям;ФОТОГРАФИЯ;S f inan dat pl;;;м;я;и;ф;а;р;S;ФОТОГРАФИЯ;S f inan dat pl
они;ОНИ;SPRO pl - - nom;;;и;н;о;;;;SPRO;ОНИ;SPRO pl - - nom
изучали;ИЗУЧАТЬ;V ipf praet pl indic - -;;;и;л;а;ч;у;з;V;ИЗУЧАТЬ;V ipf praet pl indic - -
,;,;PUNC;;;;;;;;;PUNC;,;PUNC
вот;ВОТ;PART;;;т;о;в;;;;PART;ВОТ;PART
какая;КАКОЙ;A - nom sg plen f -;;;я;а;к;а;к;;A;КАКОЙ;A - nom sg plen f -
иерархия;ИЕРАРХИЯ;S f inan nom sg;;;я;и;х;р;а;р;S;ИЕРАРХИЯ;S f inan nom sg
внутри;ВНУТРИ;ADV -;;;и;р;т;у;н;в;ADV;ВНУТРИ;ADV -
у;У;PR;;;у;;;;;;PR;У;PR
нас;МЫ;SPRO pl 1p - loc2;;;с;а;н;;;;SPRO;МЫ;SPRO pl 1p - loc
происходит;ПРОИСХОДИТЬ;V ipf praes sg indic - 3p;;;т;и;д;о;х;с;V;ПРОИСХОДИТЬ;V ipf praes sg indic - 3p
,;,;PUNC;;;;;;;;;PUNC;,;PUNC
кто;КТО;SPRO m - nom sg;;;о;т;к;;;;S;КТО;S m - nom sg
там;ТАМ;ADV -;;;м;а;т;;;;ADV;ТАМ;ADV -
с;С;PR;;;с;;;;;;PR;С;PR
кем;КТО;SPRO m - ins sg;;;м;е;к;;;;S;КТО;S m - ins sg
соперничает;СОПЕРНИЧАТЬ;V ipf praes sg indic - 3p;;;т;е;а;ч;и;н;V;СОПЕРНИЧАТЬ;V ipf praes sg indic - 3p
.;.;SENT;;;;;;;;;SENT;.;SENT
;;;;;;;;;;;;;
Я;Я;SPRO sg 1p - nom;;;я;;;;;;SPRO;Я;SPRO sg 1p - nom
вообще;ВООБЩЕ;ADV -;;;е;щ;б;о;о;в;ADV;ВООБЩЕ;ADV -
не;НЕ;PART;;;е;н;;;;;PART;НЕ;PART
понимаю;ПОНИМАТЬ;V ipf praes sg indic - 1p;;;ю;а;м;и;н;о;V;ПОНИМАТЬ;V ipf praes sg indic - 1p
,;,;PUNC;;;;;;;;;PUNC;,;PUNC
как;КАК;CONJ;;;к;а;к;;;;CONJ;КАК;CONJ
это;ЭТО;SPRO n - acc sg;;;о;т;э;;;;S;ЭТО;S n - nom sg
можно;МОЖНО;ADV -;;;о;н;ж;о;м;;ADV;МОЖНО;ADV -
делать;ДЕЛАТЬ;V ipf - - inf - -;;;ь;т;а;л;е;д;V;ДЕЛАТЬ;V ipf - - inf - -
,;,;PUNC;;;;;;;;;PUNC;,;PUNC
вот;ВОТ;PARENTH;;;т;о;в;;;;PART;ВОТ;PART
.;.;SENT;;;;;;;;;SENT;.;SENT
;;;;;;;;;;;;;
Ну;НУ;PART;;;у;н;;;;;PART;НУ;PART
,;,;PUNC;;;;;;;;;PUNC;,;PUNC
и;И;CONJ;;;и;;;;;;CONJ;И;CONJ
он;ОН;SPRO sg 3p m nom;;;н;о;;;;;SPRO;ОН;SPRO sg 3p m nom
делал;ДЕЛАТЬ;V ipf praet sg indic m -;;;л;а;л;е;д;;V;ДЕЛАТЬ;V ipf praet sg indic m -
какой-то;КАКОЙ-ТО;APRO - acc sg plen m -;;;о;т;;й;о;к;A;КАКОЙ-ТО;A - nom sg plen m -
упор;УПОР;S m inan acc sg;;;р;о;п;у;;;S;УПОР;S m inan nom sg
вот;ВОТ;PART;;;т;о;в;;;;PART;ВОТ;PART
на;НА;PR;;;а;н;;;;;PR;НА;PR
это;ЭТО;SPRO n inan acc sg;;;о;т;э;;;;S;ЭТО;S n inan acc sg
всё;ВЕСЬ;APRO - acc sg plen n inan;;;ё;с;в;;;;A;ВЕСЬ;A - acc sg plen n inan
,;,;PUNC;;;;;;;;;PUNC;,;PUNC
типа;ТИПА;PART;;;а;п;и;т;;;S;ТИП;S m inan gen sg
советское;СОВЕТСКИЙ;A - acc sg plen n inan;;;е;о;к;с;т;е;A;СОВЕТСКИЙ;A - acc sg plen n inan
наследие;НАСЛЕДИЕ;S n inan acc sg;;;е;и;д;е;л;с;S;НАСЛЕДИЕ;S n inan acc sg
,;,;PUNC;;;;;;;;;PUNC;,;PUNC
советское;СОВЕТСКИЙ;A - acc sg plen n inan;;;е;о;к;с;т;е;A;СОВЕТСКИЙ;A - acc sg plen n inan
наследие;НАСЛЕДИЕ;S n inan acc sg;;;е;и;д;е;л;с;S;НАСЛЕДИЕ;S n inan acc sg
.;.;SENT;;;;;;;;;SENT;.;SENT
;;;;;;;;;;;;;
И;И;CONJ;;;и;;;;;;CONJ;И;CONJ
было;БЫТЬ;V ipf praet sg indic n -;;;о;л;ы;б;;;V;БЫТЬ;V ipf praet sg indic n -
очень;ОЧЕНЬ;ADV -;;;ь;н;е;ч;о;;ADV;ОЧЕНЬ;ADV -
много;МНОГО;ADV -;;;о;г;о;н;м;;ADV;МНОГО;ADV -
тако;ТАКИХ;APRO - gen pl plen - -;;;о;к;а;т;;;S;ТАКО;S m anim nom sg
-;-;PUNC;;;;;;;;;PUNC;-;PUNC
таких;ТАКОЙ;APRO - gen pl plen - -;distort;;х;и;к;а;т;;A;ТАКОЙ;A - gen pl plen - -
?;?;SENT;;;;;;;;;SENT;?;SENT
;;;;;;;;;;;;;
Такого;ТАКОЙ;APRO - gen sg plen m -;;;о;г;о;к;а;т;A;ТАКОЙ;A - gen sg plen m -
впечатления;ВПЕЧАТЛЕНИЕ;S n inan gen sg;;;я;и;н;е;л;т;S;ВПЕЧАТЛЕНИЕ;S n inan gen sg
стороннего;СТОРОННИЙ;A - gen sg plen m -;;;о;г;е;н;н;о;A;СТОРОННИЙ;A - gen sg plen m -
человека;ЧЕЛОВЕК;S m anim gen sg;;;а;к;е;в;о;л;S;ЧЕЛОВЕК;S m anim gen sg
,;,;PUNC;;;;;;;;;PUNC;,;PUNC
вот;ВОТ;PARENTH;;;т;о;в;;;;PART;ВОТ;PART
.;.;SENT;;;;;;;;;SENT;.;SENT
;;;;;;;;;;;;;
А;А;CONJ;;;а;;;;;;CONJ;А;CONJ
когда;КОГДА;CONJ;;;а;д;г;о;к;;CONJ;КОГДА;CONJ
ты;ТЫ;SPRO sg 2p - nom;;;ы;т;;;;;SPRO;ТЫ;SPRO sg 2p - nom
сидишь;СИДЕТЬ;V ipf praes sg indic - 2p;;;ь;ш;и;д;и;с;V;СИДЕТЬ;V ipf praes sg indic - 2p
,;,;PUNC;;;;;;;;;PUNC;,;PUNC
и;И;CONJ;;;и;;;;;;CONJ;И;CONJ
ты;ТЫ;SPRO sg 2p - nom;;;ы;т;;;;;SPRO;ТЫ;SPRO sg 2p - nom
,;,;PUNC;;;;;;;;;PUNC;,;PUNC
ну;НУ;PART;;;у;н;;;;;PART;НУ;PART
,;,;PUNC;;;;;;;;;PUNC;,;PUNC
как бы;как бы;-;;;ы;б; ;к;а;к;-;как бы;-
,;,;PUNC;;;;;;;;;PUNC;,;PUNC
вырос;ВЫРАСТИ;V pf praet sg indic m -;;;с;о;р;ы;в;;V;ВЫРАСТИ;V pf praet sg indic m -
в;В;PR;;;в;;;;;;PR;В;PR
этой;ЭТОТ;APRO - loc sg plen f -;;;й;о;т;э;;;A;ЭТОТ;A - loc sg plen f -
культурной;КУЛЬТУРНЫЙ;A - loc sg plen f -;;;й;о;н;р;у;т;A;КУЛЬТУРНЫЙ;A - loc sg plen f -
среде;СРЕДА;S f inan loc2 sg;;;е;д;е;р;с;;S;СРЕДА;S f inan loc sg
,;,;PUNC;;;;;;;;;PUNC;,;PUNC
тебе;ТЫ;SPRO sg 2p - loc;;;е;б;е;т;;;SPRO;ТЫ;SPRO sg 2p - loc
кажется;КАЗАТЬСЯ;V ipf praes sg indic - 3p;;;я;с;т;е;ж;а;V;КАЗАТЬСЯ;V ipf praes sg indic - 3p
,;,;PUNC;;;;;;;;;PUNC;,;PUNC
типа;ТИПА;PART;;;а;п;и;т;;;S;ТИП;S m inan gen sg
,;,;PUNC;;;;;;;;;PUNC;,;PUNC
это;ЭТО;SPRO n - acc sg;;;о;т;э;;;;S;ЭТО;S n - acc sg
очевидной;ОЧЕВИДНЫЙ;A - ins sg plen f -;;;й;о;н;д;и;в;A;ОЧЕВИДНЫЙ;A - ins sg plen f -
штукой;ШТУКА;S f inan ins sg;;;й;о;к;у;т;ш;S;ШТУКА;S f inan ins sg
.;.;SENT;;;;;;;;;SENT;.;SENT
;;;;;;;;;;;;;
Ну;НУ;PART;;;у;н;;;;;PART;НУ;PART
правильно;ПРАВИЛЬНО;ADV -;;;о;н;ь;л;и;в;ADV;ПРАВИЛЬНО;ADV -
,;,;PUNC;;;;;;;;;PUNC;,;PUNC
ему;ОН;SPRO sg 3p m dat;;;у;м;е;;;;SPRO;ОН;SPRO sg 3p m dat
,;,;PUNC;;;;;;;;;PUNC;,;PUNC
&;&;PUNC;;;;;;;;;PUNC;&;PUNC
lt;LT;NONLEX;;;;;;;;;NONLEX;LT;NONLEX
";";";";PUNC;;;;;;;;;PUNC;";";PUNC
distinct;DISTINCT;NONLEX;;;;;;;;;NONLEX;DISTINCT;NONLEX
form;FORM;NONLEX;;;;;;;;;NONLEX;FORM;NONLEX
=;=;PUNC;;;;;;;;;PUNC;=;PUNC
&;&;PUNC;;;;;;;;;PUNC;&;PUNC
quot;QUOT;NONLEX;;;;;;;;;NONLEX;QUOT;NONLEX
";";";";PUNC;;;;;;;;;PUNC;";";PUNC
нврн;НАВЕРНОЕ;PARENTH;distort;;н;р;в;н;;;NONLEX;НВРН;NONLEX
&;&;PUNC;;;;;;;;;PUNC;&;PUNC
quot;QUOT;NONLEX;;;;;;;;;NONLEX;QUOT;NONLEX
";";";";SENT;;;;;;;;;SENT;";";SENT
;;;;;;;;;;;;;
&;&;PUNC;;;;;;;;;PUNC;&;PUNC
gt;GT;NONLEX;;;;;;;;;NONLEX;GT;NONLEX
";";";";PUNC;;;;;;;;;PUNC;";";PUNC
наверное;НАВЕРНОЕ;PARENTH;;;е;о;н;р;е;в;ADV;НАВЕРНОЕ;ADV -
&;&;PUNC;;;;;;;;;PUNC;&;PUNC
lt;LT;NONLEX;;;;;;;;;NONLEX;LT;NONLEX
";";";";SENT;;;;;;;;;SENT;";";SENT
;;;;;;;;;;;;;
/;/;PUNC;;;;;;;;;PUNC;/;PUNC
distinct;DISTINCT;NONLEX;;;;;;;;;NONLEX;DISTINCT;NONLEX
&;&;PUNC;;;;;;;;;PUNC;&;PUNC
gt;GT;NONLEX;;;;;;;;;NONLEX;GT;NONLEX
";";";";SENT;;;;;;;;;SENT;";";SENT
;;;;;;;;;;;;;
,;,;PUNC;;;;;;;;;PUNC;,;PUNC
было;БЫТЬ;V ipf praet sg indic n -;;;о;л;ы;б;;;V;БЫТЬ;V ipf praet sg indic n -
интересно;ИНТЕРЕСНО;PRAEDIC;;;о;н;с;е;р;е;ADV;ИНТЕРЕСНО;ADV -
,;,;PUNC;;;;;;;;;PUNC;,;PUNC
вот;ВОТ;PARENTH;;;т;о;в;;;;PART;ВОТ;PART
.;.;SENT;;;;;;;;;SENT;.;SENT
;;;;;;;;;;;;;
А;А;CONJ;;;а;;;;;;CONJ;А;CONJ
так;ТАК;CONJ;;;к;а;т;;;;ADV;ТАК;ADV -
?;?;PUNC;;;;;;;;;PUNC;?;PUNC
он;ОН;SPRO sg 3p m nom;;;н;о;;;;;SPRO;ОН;SPRO sg 3p m nom
очень;ОЧЕНЬ;ADV -;;;ь;н;е;ч;о;;ADV;ОЧЕНЬ;ADV -
часто;ЧАСТО;ADV -;;;о;т;с;а;ч;;ADV;ЧАСТО;ADV -
вспоминал;ВСПОМИНАТЬ;V ipf praet sg indic m -;;;л;а;н;и;м;о;V;ВСПОМИНАТЬ;V ipf praet sg indic m -
какие-то;КАКОЙ-ТО;APRO - acc pl plen - -;;;о;т;;е;и;к;A;КАКОЙ-ТО;A - nom pl plen - -
русские;РУССКИЙ;A - acc pl plen - -;;;е;и;к;с;с;у;A;РУССКИЙ;A - nom pl plen - -
слова;СЛОВО;S n inan acc pl;;;а;в;о;л;с;;S;СЛОВО;S n inan nom pl
,;,;PUNC;;;;;;;;;PUNC;,;PUNC
и;И;CONJ;;;и;;;;;;CONJ;И;CONJ
поэтому;ПОЭТОМУ;CONJ;;;у;м;о;т;э;о;ADV;ПОЭТОМУ;ADV -
это;ЭТО;SPRO n - nom sg;;;о;т;э;;;;S;ЭТО;S n - nom sg
жутко;ЖУТКО;ADV -;;;о;к;т;у;ж;;ADV;ЖУТКО;ADV -
утомляло;УТОМЛЯТЬ;V ipf praet sg indic n -;;;о;л;я;л;м;о;V;УТОМЛЯТЬ;V ipf praet sg indic n -
.;.;SENT;;;;;;;;;SENT;.;SENT
;;;;;;;;;;;;;
И;И;CONJ;;;и;;;;;;CONJ;И;CONJ
ты;ТЫ;SPRO sg 2p - nom;;;ы;т;;;;;SPRO;ТЫ;SPRO sg 2p - nom
такой;ТАКОЙ;APRO - nom sg plen m -;;;й;о;к;а;т;;A;ТАКОЙ;A - nom sg plen m -
сидишь;СИДЕТЬ;V ipf praes sg indic - 2p;;;ь;ш;и;д;и;с;V;СИДЕТЬ;V ipf praes sg indic - 2p
?;?;SENT;;;;;;;;;SENT;?;SENT
;;;;;;;;;;;;;
Дарья;ДАРЬЯ;S f anim nom sg persn;;;я;ь;р;а;д;;S;ДАРЬЯ;S f anim nom sg
@;@;PUNC;;;;;;;;;PUNC;@;PUNC
Он;ОН;SPRO sg 3p m nom;;;н;о;;;;;SPRO;ОН;SPRO sg 3p m nom
типа;ТИПА;PART;;;а;п;и;т;;;S;ТИП;S m inan gen sg
на;НА;PR;;;а;н;;;;;PR;НА;PR
английском;АНГЛИЙСКИЙ;A - loc2 sg plen m -;;;м;о;к;с;й;и;A;АНГЛИЙСКИЙ;A - loc sg plen m -
пару;ПАРА;S m inan acc sg;;;у;р;а;п;;;S;ПАРА;S m inan loc2 sg
вёл;ВЕСТИ;V ipf praet sg indic m tran;;;л;ё;в;;;;V;ВЕСТИ;V ipf praet sg indic m -
,;,;PUNC;;;;;;;;;PUNC;,;PUNC
но;НО;CONJ;;;о;н;;;;;CONJ;НО;CONJ
?;?;SENT;;;;;;;;;SENT;?;SENT
;;;;;;;;;;;;;
Екатерина;ЕКАТЕРИНА;S f anim nom sg persn;;;а;н;и;р;е;т;S;ЕКАТЕРИНА;S f anim nom sg
@;@;PUNC;;;;;;;;;PUNC;@;PUNC
Нет;НЕТ;PART;;;т;е;н;;;;PART;НЕТ;PART
,;,;PUNC;;;;;;;;;PUNC;,;PUNC
он;ОН;SPRO sg 3p m nom;;;н;о;;;;;SPRO;ОН;SPRO sg 3p m nom
говорил;ГОВОРИТЬ;V ipf praet sg indic m -;;;л;и;р;о;в;о;V;ГОВОРИТЬ;V ipf praet sg indic m -
на;НА;PR;;;а;н;;;;;PR;НА;PR
русском;РУССКИЙ;A - loc2 sg plen m -;;;м;о;к;с;с;у;A;РУССКИЙ;A - loc sg plen m -
,;,;PUNC;;;;;;;;;PUNC;,;PUNC
но;НО;CONJ;;;о;н;;;;;CONJ;НО;CONJ
,;,;PUNC;;;;;;;;;PUNC;,;PUNC
как бы;как бы;-;;;ы;б; ;к;а;к;-;как бы;-
,;,;PUNC;;;;;;;;;PUNC;,;PUNC
естественно;ЕСТЕСТВЕННО;PARENTH;;;о;н;н;е;в;т;ADV;ЕСТЕСТВЕННО;ADV -
,;,;PUNC;;;;;;;;;PUNC;,;PUNC
родной;РОДНОЙ;A - nom sg plen m -;;;й;о;н;д;о;р;A;РОДНОЙ;A - nom sg plen m -
язык;ЯЗЫК;S m inan nom sg;;;к;ы;з;я;;;S;ЯЗЫК;S m inan nom sg
?;?;PUNC;;;;;;;;;PUNC;?;PUNC
английский;АНГЛИЙСКИЙ;A - nom sg plen m -;;;й;и;к;с;й;и;A;АНГЛИЙСКИЙ;A - nom sg plen m -
.;.;SENT;;;;;;;;;SENT;.;SENT
;;;;;;;;;;;;;
И;И;CONJ;;;и;;;;;;CONJ;И;CONJ
он;ОН;SPRO sg 3p m nom;;;н;о;;;;;SPRO;ОН;SPRO sg 3p m nom
такой;ТАКОЙ;APRO - nom sg plen m -;;;й;о;к;а;т;;A;ТАКОЙ;A - nom sg plen m -
?;?;PUNC;;;;;;;;;PUNC;?;PUNC
так;ТАК;CONJ;;;к;а;т;;;;ADV;ТАК;ADV -
-;-;PUNC;;;;;;;;;PUNC;-;PUNC
так;ТАК;CONJ;;;к;а;т;;;;ADV;ТАК;ADV -
-;-;PUNC;;;;;;;;;PUNC;-;PUNC
так;ТАК;CONJ;;;к;а;т;;;;ADV;ТАК;ADV -
?;?;PUNC;;;;;;;;;PUNC;?;PUNC
,;,;PUNC;;;;;;;;;PUNC;,;PUNC
и;И;CONJ;;;и;;;;;;CONJ;И;CONJ
короче;КОРОЧЕ;PARENTH;;;е;ч;о;р;о;к;A;КОРОТКИЙ;A comp - - plen - -
секунд;СЕКУНДА;S f inan gen pl;;;д;н;у;к;е;с;S;СЕКУНДА;S f inan gen pl
семь;СЕМЬ;NUM acc - -;;;ь;м;е;с;;;NUM;СЕМЬ;NUM acc - -
вспоминает;ВСПОМИНАТЬ;V ipf praes sg indic tran 3p;;;т;е;а;н;и;м;V;ВСПОМИНАТЬ;V ipf praes sg indic - 3p
русское;РУССКИЙ;A - nom sg plen n -;;;е;о;к;с;с;у;A;РУССКИЙ;A - nom sg plen n -
слово;СЛОВО;S n inan nom sg;;;о;в;о;л;с;;S;СЛОВО;S n inan nom sg
,;,;PUNC;;;;;;;;;PUNC;,;PUNC
и;И;CONJ;;;и;;;;;;CONJ;И;CONJ
говорит;ГОВОРИТЬ;V ipf praes sg indic - 3p;;;т;и;р;о;в;о;V;ГОВОРИТЬ;V ipf praes sg indic - 3p
не;НЕ;PART;;;е;н;;;;;PART;НЕ;PART
-;-;PUNC;;;;;;;;;PUNC;-;PUNC
не;НЕ;PART;;;е;н;;;;;PART;НЕ;PART
в;В;PR;;;в;;;;;;PR;В;PR
том;ТОТ;APRO - loc2 sg plen n -;;;м;о;т;;;;A;ТОТ;A - loc sg plen n -
склонении;СКЛОНЕНИЕ;S n inan loc2 sg;;;и;и;н;е;н;о;S;СКЛОНЕНИЕ;S n inan loc sg
,;,;PUNC;;;;;;;;;PUNC;,;PUNC
и;И;CONJ;;;и;;;;;;CONJ;И;CONJ
я;Я;SPRO sg 1p - nom;;;я;;;;;;SPRO;Я;SPRO sg 1p - nom
такая;ТАКОЙ;APRO - nom sg plen f -;;;я;а;к;а;т;;A;ТАКОЙ;A - nom sg plen f -
&;&;PUNC;;;;;;;;;PUNC;&;PUNC
lt;LT;NONLEX;;;;;;;;;NONLEX;LT;NONLEX
";";";";PUNC;;;;;;;;;PUNC;";";PUNC
span;SPAN;NONLEX;;;;;;;;;NONLEX;SPAN;NONLEX
class;CLASS;NONLEX;;;;;;;;;NONLEX;CLASS;NONLEX
=;=;PUNC;;;;;;;;;PUNC;=;PUNC
&;&;PUNC;;;;;;;;;PUNC;&;PUNC
quot;QUOT;NONLEX;;;;;;;;;NONLEX;QUOT;NONLEX
";";";";PUNC;;;;;;;;;PUNC;";";PUNC
note;NOTE;NONLEX;;;;;;;;;NONLEX;NOTE;NONLEX
&;&;PUNC;;;;;;;;;PUNC;&;PUNC
quot;QUOT;NONLEX;;;;;;;;;NONLEX;QUOT;NONLEX
";";";";SENT;;;;;;;;;SENT;";";SENT
;;;;;;;;;;;;;
&;&;PUNC;;;;;;;;;PUNC;&;PUNC
gt;GT;NONLEX;;;;;;;;;NONLEX;GT;NONLEX
";";";";SENT;;;;;;;;;SENT;";";SENT
;;;;;;;;;;;;;
Смех;СМЕХ;NONLEX;;;х;е;м;с;;;S;СМЕХ;S m inan nom sg
&;&;PUNC;;;;;;;;;PUNC;&;PUNC
lt;LT;NONLEX;;;;;;;;;NONLEX;LT;NONLEX
";";";";SENT;;;;;;;;;SENT;";";SENT
;;;;;;;;;;;;;
/;/;PUNC;;;;;;;;;PUNC;/;PUNC
span;SPAN;NONLEX;;;;;;;;;NONLEX;SPAN;NONLEX
&;&;PUNC;;;;;;;;;PUNC;&;PUNC
gt;GT;NONLEX;;;;;;;;;NONLEX;GT;NONLEX
";";";";SENT;;;;;;;;;SENT;";";SENT
;;;;;;;;;;;;;
Я;Я;SPRO sg 1p - nom;;;я;;;;;;SPRO;Я;SPRO sg 1p - nom
еще;ЕЩЕ;ADV -;;;е;щ;е;;;;ADV;ЕЩЕ;ADV -
на;НА;PR;;;а;н;;;;;PR;НА;PR
первом;ПЕРВЫЙ;ANUM - loc2 sg plen m -;;;м;о;в;р;е;п;A;ПЕРВЫЙ;A - loc sg plen m -
,;,;PUNC;;;;;;;;;PUNC;,;PUNC
на;НА;PR;;;а;н;;;;;PR;НА;PR
первой;ПЕРВЫЙ;ANUM - loc2 sg plen f -;;;й;о;в;р;е;п;A;ПЕРВЫЙ;A - loc sg plen f -
парте;ПАРТА;S f inan loc2 sg;;;е;т;р;а;п;;S;ПАРТА;S f inan dat sg
сижу;СИДЕТЬ;V ipf praes sg indic - 1p;;;у;ж;и;с;;;V;СИДЕТЬ;V ipf praes sg indic - 1p
,;,;PUNC;;;;;;;;;PUNC;,;PUNC
угараю;УГАРАТЬ;V ipf praes sg indic - 1p;;;ю;а;р;а;г;у;S;УГАРАЙ;S m anim dat sg
,;,;PUNC;;;;;;;;;PUNC;,;PUNC
вот;ВОТ;PARENTH;;;т;о;в;;;;PART;ВОТ;PART
.;.;SENT;;;;;;;;;SENT;.;SENT
;;;;;;;;;;;;;
Но;НО;CONJ;;;о;н;;;;;CONJ;НО;CONJ
вот;ВОТ;PART;;;т;о;в;;;;PART;ВОТ;PART
этот;ЭТОТ;APRO - nom sg plen m -;;;т;о;т;э;;;A;ЭТОТ;A - nom sg plen m -
последний;ПОСЛЕДНИЙ;A - nom sg plen m -;;;й;и;н;д;е;л;A;ПОСЛЕДНИЙ;A - nom sg plen m -
,;,;PUNC;;;;;;;;;PUNC;,;PUNC
который;КОТОРЫЙ;A - nom sg plen m -;;;й;ы;р;о;т;о;A;КОТОРЫЙ;A - nom sg plen m -
был;БЫТЬ;V ipf praet sg indic m -;;;л;ы;б;;;;V;БЫТЬ;V ipf praet sg indic m -
сегодня;СЕГОДНЯ;ADV -;;;я;н;д;о;г;е;ADV;СЕГОДНЯ;ADV -
,;,;PUNC;;;;;;;;;PUNC;,;PUNC
он;ОН;SPRO sg 3p m nom;;;н;о;;;;;SPRO;ОН;SPRO sg 3p m nom
у;У;PR;;;у;;;;;;PR;У;PR
нас;МЫ;SPRO pl 1p - loc;;;с;а;н;;;;SPRO;МЫ;SPRO pl 1p - loc
вообще;ВООБЩЕ;ADV -;;;е;щ;б;о;о;в;ADV;ВООБЩЕ;ADV -
крутой;КРУТОЙ;A - nom sg plen m -;;;й;о;т;у;р;к;A;КРУТОЙ;A - nom sg plen m -
продвинутый;ПРОДВИНУТЫЙ;A - nom sg plen m inan;;;й;ы;т;у;н;и;A;ПРОДВИНУТЫЙ;A - acc sg plen m inan
чувак;ЧУВАК;S m anim nom sg;;;к;а;в;у;ч;;S;ЧУВАК;S m anim nom sg
.;.;SENT;;;;;;;;;SENT;.;SENT
;;;;;;;;;;;;;
Он;ОН;SPRO sg 3p m nom;;;н;о;;;;;SPRO;ОН;SPRO sg 3p m nom
был;БЫТЬ;V ipf praet sg indic m -;;;л;ы;б;;;;V;БЫТЬ;V ipf praet sg indic m -
,;,;PUNC;;;;;;;;;PUNC;,;PUNC
короче;КОРОЧЕ;PARENTH;;;е;ч;о;р;о;к;ADV;КОРОЧЕ;ADV comp
,;,;PUNC;;;;;;;;;PUNC;,;PUNC
в;В;PR;;;в;;;;;;PR;В;PR
каком;КАКОЙ;APRO - loc2 sg plen m -;;;м;о;к;а;к;;A;КАКОЙ;A - loc sg plen m -
,;,;PUNC;;;;;;;;;PUNC;,;PUNC
я;Я;SPRO sg 1p - nom;;;я;;;;;;SPRO;Я;SPRO sg 1p - nom
&;&;PUNC;;;;;;;;;PUNC;&;PUNC
lt;LT;NONLEX;;;;;;;;;NONLEX;LT;NONLEX
";";";";PUNC;;;;;;;;;PUNC;";";PUNC
distinct;DISTINCT;NONLEX;;;;;;;;;NONLEX;DISTINCT;NONLEX
form;FORM;NONLEX;;;;;;;;;NONLEX;FORM;NONLEX
=;=;PUNC;;;;;;;;;PUNC;=;PUNC
&;&;PUNC;;;;;;;;;PUNC;&;PUNC
quot;QUOT;NONLEX;;;;;;;;;NONLEX;QUOT;NONLEX
";";";";PUNC;;;;;;;;;PUNC;";";PUNC
щас;ЩАС;ADV -;;;с;а;щ;;;;ADV;ЩАС;ADV -
&;&;PUNC;;;;;;;;;PUNC;&;PUNC
quot;QUOT;NONLEX;;;;;;;;;NONLEX;QUOT;NONLEX
";";";";SENT;;;;;;;;;SENT;";";SENT
;;;;;;;;;;;;;
&;&;PUNC;;;;;;;;;PUNC;&;PUNC
gt;GT;NONLEX;;;;;;;;;NONLEX;GT;NONLEX
";";";";PUNC;;;;;;;;;PUNC;";";PUNC
сейчас;СЕЙЧАС;ADV -;;;с;а;ч;й;е;с;ADV;СЕЙЧАС;ADV -
&;&;PUNC;;;;;;;;;PUNC;&;PUNC
lt;LT;NONLEX;;;;;;;;;NONLEX;LT;NONLEX
";";";";SENT;;;;;;;;;SENT;";";SENT
;;;;;;;;;;;;;
/;/;PUNC;;;;;;;;;PUNC;/;PUNC
distinct;DISTINCT;NONLEX;;;;;;;;;NONLEX;DISTINCT;NONLEX
&;&;PUNC;;;;;;;;;PUNC;&;PUNC
gt;GT;NONLEX;;;;;;;;;NONLEX;GT;NONLEX
";";";";SENT;;;;;;;;;SENT;";";SENT
;;;;;;;;;;;;;
Я;Я;SPRO sg 1p - nom;;;я;;;;;;SPRO;Я;SPRO sg 1p - nom
не;НЕ;PART;;;е;н;;;;;PART;НЕ;PART
помню;ПОМНИТЬ;V ipf praes sg indic - 1p;;;ю;н;м;о;п;;V;ПОМНИТЬ;V ipf praes sg indic - 1p
&;&;PUNC;;;;;;;;;PUNC;&;PUNC
lt;LT;NONLEX;;;;;;;;;NONLEX;LT;NONLEX
";";";";PUNC;;;;;;;;;PUNC;";";PUNC
distinct;DISTINCT;NONLEX;;;;;;;;;NONLEX;DISTINCT;NONLEX
form;FORM;NONLEX;;;;;;;;;NONLEX;FORM;NONLEX
=;=;PUNC;;;;;;;;;PUNC;=;PUNC
&;&;PUNC;;;;;;;;;PUNC;&;PUNC
quot;QUOT;NONLEX;;;;;;;;;NONLEX;QUOT;NONLEX
";";";";PUNC;;;;;;;;;PUNC;";";PUNC
щас;ЩАС;ADV -;;;с;а;щ;;;;ADV;ЩАС;ADV -
&;&;PUNC;;;;;;;;;PUNC;&;PUNC
quot;QUOT;NONLEX;;;;;;;;;NONLEX;QUOT;NONLEX
";";";";SENT;;;;;;;;;SENT;";";SENT
;;;;;;;;;;;;;
&;&;PUNC;;;;;;;;;PUNC;&;PUNC
gt;GT;NONLEX;;;;;;;;;NONLEX;GT;NONLEX
";";";";PUNC;;;;;;;;;PUNC;";";PUNC
сейчас;СЕЙЧАС;ADV -;;;с;а;ч;й;е;с;ADV;СЕЙЧАС;ADV -
&;&;PUNC;;;;;;;;;PUNC;&;PUNC
lt;LT;NONLEX;;;;;;;;;NONLEX;LT;NONLEX
";";";";SENT;;;;;;;;;SENT;";";SENT
;;;;;;;;;;;;;
/;/;PUNC;;;;;;;;;PUNC;/;PUNC
distinct;DISTINCT;NONLEX;;;;;;;;;NONLEX;DISTINCT;NONLEX
&;&;PUNC;;;;;;;;;PUNC;&;PUNC
gt;GT;NONLEX;;;;;;;;;NONLEX;GT;NONLEX
";";";";SENT;;;;;;;;;SENT;";";SENT
;;;;;;;;;;;;;
&;&;PUNC;;;;;;;;;PUNC;&;PUNC
lt;LT;NONLEX;;;;;;;;;NONLEX;LT;NONLEX
";";";";PUNC;;;;;;;;;PUNC;";";PUNC
distinct;DISTINCT;NONLEX;;;;;;;;;NONLEX;DISTINCT;NONLEX
form;FORM;NONLEX;;;;;;;;;NONLEX;FORM;NONLEX
=;=;PUNC;;;;;;;;;PUNC;=;PUNC
&;&;PUNC;;;;;;;;;PUNC;&;PUNC
quot;QUOT;NONLEX;;;;;;;;;NONLEX;QUOT;NONLEX
";";";";PUNC;;;;;;;;;PUNC;";";PUNC
всэтих;ВСЕХ ЭТИХ;APRO - gen pl - -;раздельно;;х;и;т;э;с;в;A;ВСЭТИХИЙ;A - - sg brev m -
&;&;PUNC;;;;;;;;;PUNC;&;PUNC
quot;QUOT;NONLEX;;;;;;;;;NONLEX;QUOT;NONLEX
";";";";SENT;;;;;;;;;SENT;";";SENT
;;;;;;;;;;;;;
&;&;PUNC;;;;;;;;;PUNC;&;PUNC
gt;GT;NONLEX;;;;;;;;;NONLEX;GT;NONLEX
";";";";PUNC;;;;;;;;;PUNC;";";PUNC
всех;ВЕСЬ;APRO - gen pl plen - -;;;х;е;с;в;;;A;ВЕСЬ;A - loc pl plen - -
этих;ЭТОТ;APRO - gen pl plen - -;;;х;и;т;э;;;A;ЭТОТ;A - gen pl plen - -
&;&;PUNC;;;;;;;;;PUNC;&;PUNC
lt;LT;NONLEX;;;;;;;;;NONLEX;LT;NONLEX
";";";";SENT;;;;;;;;;SENT;";";SENT
;;;;;;;;;;;;;
/;/;PUNC;;;;;;;;;PUNC;/;PUNC
distinct;DISTINCT;NONLEX;;;;;;;;;NONLEX;DISTINCT;NONLEX
&;&;PUNC;;;;;;;;;PUNC;&;PUNC
gt;GT;NONLEX;;;;;;;;;NONLEX;GT;NONLEX
";";";";SENT;;;;;;;;;SENT;";";SENT
;;;;;;;;;;;;;
терминов;ТЕРМИН;S m inan gen pl;;;в;о;н;и;м;р;S;ТЕРМИН;S m inan gen pl
,;,;PUNC;;;;;;;;;PUNC;,;PUNC
но;НО;CONJ;;;о;н;;;;;CONJ;НО;CONJ
короче;КОРОЧЕ;PARENTH;;;е;ч;о;р;о;к;A;КОРОТКИЙ;A comp - - plen - -
в;В;PR;;;в;;;;;;PR;В;PR
девяносто;ДЕВЯНОСТО;ANUM - loc2 sg plen m - ;;;о;т;с;о;н;я;NUM;ДЕВЯНОСТО;NUM acc - -
первом;ПЕРВЫЙ;ANUM - loc2 sg plen m -;;;м;о;в;р;е;п;A;ПЕРВЫЙ;A - loc sg plen m -
году;ГОД;S m inan loc2 sg;;;у;д;о;г;;;S;ГОД;S m inan loc2 sg
там;ТАМ;ADV -;;;м;а;т;;;;ADV;ТАМ;ADV -
был;БЫТЬ;V ipf praet sg indic m -;;;л;ы;б;;;;V;БЫТЬ;V ipf praet sg indic m -
какой-то;КАКОЙ-ТО;A - nom sg plen m -;;;о;т;;й;о;к;A;КАКОЙ-ТО;A - nom sg plen m -
экономический;ЭКОНОМИЧЕСКИЙ;A - nom sg plen m -;;;й;и;к;с;е;ч;A;ЭКОНОМИЧЕСКИЙ;A - nom sg plen m -
совет;СОВЕТ;S m inan nom sg;;;т;е;в;о;с;;S;СОВЕТ;S m inan nom sg
при;ПРИ;PR;;;и;р;п;;;;PR;ПРИ;PR
правительстве;ПРАВИТЕЛЬСТВО;S n inan loc sg;;;е;в;т;с;ь;л;S;ПРАВИТЕЛЬСТВО;S n inan loc sg
,;,;PUNC;;;;;;;;;PUNC;,;PUNC
ну;НУ;PART;;;у;н;;;;;PART;НУ;PART
типа;ТИПА;PART;;;а;п;и;т;;;S;ТИП;S m inan gen sg
там;ТАМ;ADV -;;;м;а;т;;;;ADV;ТАМ;ADV -
главный;ГЛАВНЫЙ;A - nom sg plen m -;;;й;ы;н;в;а;л;A;ГЛАВНЫЙ;A - nom sg plen m -
самый;САМЫЙ;A - nom sg plen m -;;;й;ы;м;а;с;;A;САМЫЙ;A - nom sg plen m -
.;.;SENT;;;;;;;;;SENT;.;SENT
;;;;;;;;;;;;;
Он;ОН;SPRO sg 3p m nom;;;н;о;;;;;SPRO;ОН;SPRO sg 3p m nom
,;,;PUNC;;;;;;;;;PUNC;,;PUNC
&;&;PUNC;;;;;;;;;PUNC;&;PUNC
lt;LT;NONLEX;;;;;;;;;NONLEX;LT;NONLEX
";";";";PUNC;;;;;;;;;PUNC;";";PUNC
distinct;DISTINCT;NONLEX;;;;;;;;;NONLEX;DISTINCT;NONLEX
form;FORM;NONLEX;;;;;;;;;NONLEX;FORM;NONLEX
=;=;PUNC;;;;;;;;;PUNC;=;PUNC
&;&;PUNC;;;;;;;;;PUNC;&;PUNC
quot;QUOT;NONLEX;;;;;;;;;NONLEX;QUOT;NONLEX
";";";";PUNC;;;;;;;;;PUNC;";";PUNC
вт;ВОТ;PARENTH;distort;;т;в;;;;;S;ВТ;S m inan nonflex nonflex
&;&;PUNC;;;;;;;;;PUNC;&;PUNC
quot;QUOT;NONLEX;;;;;;;;;NONLEX;QUOT;NONLEX
";";";";SENT;;;;;;;;;SENT;";";SENT
;;;;;;;;;;;;;
&;&;PUNC;;;;;;;;;PUNC;&;PUNC
gt;GT;NONLEX;;;;;;;;;NONLEX;GT;NONLEX
";";";";PUNC;;;;;;;;;PUNC;";";PUNC
вот;ВОТ;PARENTH;;;т;о;в;;;;PART;ВОТ;PART
&;&;PUNC;;;;;;;;;PUNC;&;PUNC
lt;LT;NONLEX;;;;;;;;;NONLEX;LT;NONLEX
";";";";SENT;;;;;;;;;SENT;";";SENT
;;;;;;;;;;;;;
/;/;PUNC;;;;;;;;;PUNC;/;PUNC
distinct;DISTINCT;NONLEX;;;;;;;;;NONLEX;DISTINCT;NONLEX
&;&;PUNC;;;;;;;;;PUNC;&;PUNC
gt;GT;NONLEX;;;;;;;;;NONLEX;GT;NONLEX
";";";";SENT;;;;;;;;;SENT;";";SENT
;;;;;;;;;;;;;
,;,;PUNC;;;;;;;;;PUNC;,;PUNC
в;В;PR;;;в;;;;;;PR;В;PR
нем;ОН;SPRO sg 3p m loc;;;м;е;н;;;;SPRO;ОН;SPRO sg 3p m loc
присутствовал;ПРИСУТСТВОВАТЬ;V ipf praet sg indic m -;;;л;а;в;о;в;т;V;ПРИСУТСТВОВАТЬ;V ipf praet sg indic m -
.;.;SENT;;;;;;;;;SENT;.;SENT
;;;;;;;;;;;;;
Потом;ПОТОМ;ADV -;;;м;о;т;о;п;;ADV;ПОТОМ;ADV -
он;ОН;SPRO sg 3p m nom;;;н;о;;;;;SPRO;ОН;SPRO sg 3p m nom
,;,;PUNC;;;;;;;;;PUNC;,;PUNC
короче;КОРОЧЕ;PARENTH;;;е;ч;о;р;о;к;ADV;КОРОЧЕ;ADV comp
,;,;PUNC;;;;;;;;;PUNC;,;PUNC
работал;РАБОТАТЬ;V ipf praet sg indic m -;;;л;а;т;о;б;а;V;РАБОТАТЬ;V ipf praet sg indic m -
тоже;ТОЖЕ;PART;;;е;ж;о;т;;;PART;ТОЖЕ;PART
в;В;PR;;;в;;;;;;PR;В;PR
правительстве;ПРАВИТЕЛЬСТВО;S n inan loc2 sg;;;е;в;т;с;ь;л;S;ПРАВИТЕЛЬСТВО;S n inan loc sg
там;ТАМ;PART;;;м;а;т;;;;PART;ТАМ;PART
зам;ЗАМ;S m-f anim nom sg;;;м;а;з;;;;S;ЗАМ;S m anim nom sg
кем-то;КТО-ТО;SPRO m - ins sg;;;о;т;;м;е;к;S;КТО-ТО;S m - ins sg
там;ТАМ;ADV -;;;м;а;т;;;;ADV;ТАМ;ADV -
,;,;PUNC;;;;;;;;;PUNC;,;PUNC
вот;ВОТ;PART;;;т;о;в;;;;PART;ВОТ;PART
.;.;SENT;;;;;;;;;SENT;.;SENT
;;;;;;;;;;;;;
Иии;И;CONJ;distort;;и;и;и;;;;S;ИИИ;S m anim nom sg
работал;РАБОТАТЬ;V ipf praet sg indic m -;;;л;а;т;о;б;а;V;РАБОТАТЬ;V ipf praet sg indic m -
потом;ПОТОМ;ADV -;;;м;о;т;о;п;;ADV;ПОТОМ;ADV -
в;В;PR;;;в;;;;;;PR;В;PR
&;&;PUNC;;;;;;;;;PUNC;&;PUNC
lt;LT;NONLEX;;;;;;;;;NONLEX;LT;NONLEX
";";";";PUNC;;;;;;;;;PUNC;";";PUNC
distinct;DISTINCT;NONLEX;;;;;;;;;NONLEX;DISTINCT;NONLEX
form;FORM;NONLEX;;;;;;;;;NONLEX;FORM;NONLEX
=;=;PUNC;;;;;;;;;PUNC;=;PUNC
&;&;PUNC;;;;;;;;;PUNC;&;PUNC
quot;QUOT;NONLEX;;;;;;;;;NONLEX;QUOT;NONLEX
";";";";PUNC;;;;;;;;;PUNC;";";PUNC
ран;Российская Академия Наук;S f inan gen sg;abbr;;н;а;р;;;;S;РАН;S f inan gen pl
&;&;PUNC;;;;;;;;;PUNC;&;PUNC
quot;QUOT;NONLEX;;;;;;;;;NONLEX;QUOT;NONLEX
";";";";SENT;;;;;;;;;SENT;";";SENT
;;;;;;;;;;;;;
&;&;PUNC;;;;;;;;;PUNC;&;PUNC
gt;GT;NONLEX;;;;;;;;;NONLEX;GT;NONLEX
";";";";SENT;;;;;;;;;SENT;";";SENT
;;;;;;;;;;;;;
РАН;Российская Академия Наук;S f inan gen sg;abbr;;н;а;р;;;;S;РАН;S f inan gen sg
&;&;PUNC;;;;;;;;;PUNC;&;PUNC
lt;LT;NONLEX;;;;;;;;;NONLEX;LT;NONLEX
";";";";SENT;;;;;;;;;SENT;";";SENT
;;;;;;;;;;;;;
/;/;PUNC;;;;;;;;;PUNC;/;PUNC
distinct;DISTINCT;NONLEX;;;;;;;;;NONLEX;DISTINCT;NONLEX
&;&;PUNC;;;;;;;;;PUNC;&;PUNC
gt;GT;NONLEX;;;;;;;;;NONLEX;GT;NONLEX
";";";";SENT;;;;;;;;;SENT;";";SENT
;;;;;;;;;;;;;
десять;ДЕСЯТЬ;NUM acc - -;;;ь;т;я;с;е;д;NUM;ДЕСЯТЬ;NUM acc - -
лет;ГОД;S m inan gen pl;;;т;е;л;;;;S;ГОД;S m inan gen pl
.;.;SENT;;;;;;;;;SENT;.;SENT
;;;;;;;;;;;;;
И;И;CONJ;;;и;;;;;;CONJ;И;CONJ
?;?;PUNC;;;;;;;;;PUNC;?;PUNC
я;Я;SPRO sg 1p - nom;;;я;;;;;;SPRO;Я;SPRO sg 1p - nom
говорю;ГОВОРИТЬ;V ipf praes sg indic - 1p;;;ю;р;о;в;о;г;V;ГОВОРИТЬ;V ipf praes sg indic - 1p
,;,;PUNC;;;;;;;;;PUNC;,;PUNC
я;Я;SPRO sg 1p - nom;;;я;;;;;;SPRO;Я;SPRO sg 1p - nom
разочаровался;РАЗОЧАРОВАТЬСЯ;V pf praet sg indic m -;;;я;с;л;а;в;о;V;РАЗОЧАРОВАТЬСЯ;V pf praet sg indic m -
в;В;PR;;;в;;;;;;PR;В;PR
государственных;ГОСУДАРСТВЕННЫЙ;A - loc2 pl plen - -;;;х;ы;н;н;е;в;A;ГОСУДАРСТВЕННЫЙ;A - loc pl plen - -
структурах;СТРУКТУРА;S f inan loc2 pl;;;х;а;р;у;т;к;S;СТРУКТУРА;S f inan loc pl
,;,;PUNC;;;;;;;;;PUNC;,;PUNC
я;Я;SPRO sg 1p - nom;;;я;;;;;;SPRO;Я;SPRO sg 1p - nom
ушел;УЙТИ;V pf praet sg indic m -;;;л;е;ш;у;;;V;УЙТИ;V pf praet sg indic m -
,;,;PUNC;;;;;;;;;PUNC;,;PUNC
&;&;PUNC;;;;;;;;;PUNC;&;PUNC
lt;LT;NONLEX;;;;;;;;;NONLEX;LT;NONLEX
";";";";PUNC;;;;;;;;;PUNC;";";PUNC
distinct;DISTINCT;NONLEX;;;;;;;;;NONLEX;DISTINCT;NONLEX
form;FORM;NONLEX;;;;;;;;;NONLEX;FORM;NONLEX
=;=;PUNC;;;;;;;;;PUNC;=;PUNC
&;&;PUNC;;;;;;;;;PUNC;&;PUNC
quot;QUOT;NONLEX;;;;;;;;;NONLEX;QUOT;NONLEX
";";";";PUNC;;;;;;;;;PUNC;";";PUNC
во;ВОТ;PARENTH;distort;;о;в;;;;;PART;ВО;PART
&;&;PUNC;;;;;;;;;PUNC;&;PUNC
quot;QUOT;NONLEX;;;;;;;;;NONLEX;QUOT;NONLEX
";";";";SENT;;;;;;;;;SENT;";";SENT
;;;;;;;;;;;;;
&;&;PUNC;;;;;;;;;PUNC;&;PUNC
gt;GT;NONLEX;;;;;;;;;NONLEX;GT;NONLEX
";";";";PUNC;;;;;;;;;PUNC;";";PUNC
вот;ВОТ;PARENTH;;;т;о;в;;;;PART;ВОТ;PART
&;&;PUNC;;;;;;;;;PUNC;&;PUNC
lt;LT;NONLEX;;;;;;;;;NONLEX;LT;NONLEX
";";";";SENT;;;;;;;;;SENT;";";SENT
;;;;;;;;;;;;;
/;/;PUNC;;;;;;;;;PUNC;/;PUNC
distinct;DISTINCT;NONLEX;;;;;;;;;NONLEX;DISTINCT;NONLEX
&;&;PUNC;;;;;;;;;PUNC;&;PUNC
gt;GT;NONLEX;;;;;;;;;NONLEX;GT;NONLEX
";";";";SENT;;;;;;;;;SENT;";";SENT
;;;;;;;;;;;;;
,;,;PUNC;;;;;;;;;PUNC;,;PUNC
типа;ТИПА;PART;;;а;п;и;т;;;S;ТИП;S m inan gen sg
,;,;PUNC;;;;;;;;;PUNC;,;PUNC
мол;МОЛ;PART;;;л;о;м;;;;PART;МОЛ;PART
,;,;PUNC;;;;;;;;;PUNC;,;PUNC
тут;ТУТ;ADV -;;;т;у;т;;;;ADV;ТУТ;ADV -
пятую;ПЯТЫЙ;ANUM - acc sg plen f -;;;ю;у;т;я;п;;A;ПЯТЫЙ;A - acc sg plen f -
колонну;КОЛОННА;S f inan acc sg;;;у;н;н;о;л;о;S;КОЛОННА;S f inan acc sg
ращу;РАСТИТЬ;V ipf praes sg indic - 1p;;;у;щ;а;р;;;V;РАСТИТЬ;V ipf praes sg indic - 1p
,;,;PUNC;;;;;;;;;PUNC;,;PUNC
вот;ВОТ;PART;;;т;о;в;;;;PART;ВОТ;PART
такие;ТАКОЙ;APRO - nom pl plen - -;;;е;и;к;а;т;;A;ТАКОЙ;A - nom pl plen - -
дела;ДЕЛО;S n inan nom pl;;;а;л;е;д;;;S;ДЕЛО;S n inan nom pl
?;?;PUNC;;;;;;;;;PUNC;?;PUNC
.;.;SENT;;;;;;;;;SENT;.;SENT
;;;;;;;;;;;;;
Дарья;ДАРЬЯ;S f anim nom sg persn;;;я;ь;р;а;д;;S;ДАРЬЯ;S f anim nom sg
@;@;PUNC;;;;;;;;;PUNC;@;PUNC
&;&;PUNC;;;;;;;;;PUNC;&;PUNC
lt;LT;NONLEX;;;;;;;;;NONLEX;LT;NONLEX
";";";";PUNC;;;;;;;;;PUNC;";";PUNC
distinct;DISTINCT;NONLEX;;;;;;;;;NONLEX;DISTINCT;NONLEX
form;FORM;NONLEX;;;;;;;;;NONLEX;FORM;NONLEX
=;=;PUNC;;;;;;;;;PUNC;=;PUNC
&;&;PUNC;;;;;;;;;PUNC;&;PUNC
quot;QUOT;NONLEX;;;;;;;;;NONLEX;QUOT;NONLEX
";";";";PUNC;;;;;;;;;PUNC;";";PUNC
ашт;А ЧТО; conj conj;distort раздельно;;т;ш;а;;;;S;АШТ;S m inan acc sg
&;&;PUNC;;;;;;;;;PUNC;&;PUNC
quot;QUOT;NONLEX;;;;;;;;;NONLEX;QUOT;NONLEX
";";";";SENT;;;;;;;;;SENT;";";SENT
;;;;;;;;;;;;;
&;&;PUNC;;;;;;;;;PUNC;&;PUNC
gt;GT;NONLEX;;;;;;;;;NONLEX;GT;NONLEX
";";";";SENT;;;;;;;;;SENT;";";SENT
;;;;;;;;;;;;;
А;А;CONJ;;;а;;;;;;CONJ;А;CONJ
что;ЧТО;SPRO n inan nomsg;;;о;т;ч;;;;S;ЧТО;S n inan acc sg
&;&;PUNC;;;;;;;;;PUNC;&;PUNC
lt;LT;NONLEX;;;;;;;;;NONLEX;LT;NONLEX
";";";";SENT;;;;;;;;;SENT;";";SENT
;;;;;;;;;;;;;
/;/;PUNC;;;;;;;;;PUNC;/;PUNC
distinct;DISTINCT;NONLEX;;;;;;;;;NONLEX;DISTINCT;NONLEX
&;&;PUNC;;;;;;;;;PUNC;&;PUNC
gt;GT;NONLEX;;;;;;;;;NONLEX;GT;NONLEX
";";";";SENT;;;;;;;;;SENT;";";SENT
;;;;;;;;;;;;;
А;А;CONJ;;;а;;;;;;CONJ;А;CONJ
что;ЧТО;SPRO n inan nom sg;;;о;т;ч;;;;CONJ;ЧТО;CONJ
в;В;PR;;;в;;;;;;PR;В;PR
его;ЕГО;APRO loc;;;о;г;е;;;;A;ЕГО;A - nonflex nonflex plen - -
понимании;ПОНИМАНИЕ;S n inan loc sg;;;и;и;н;а;м;и;S;ПОНИМАНИЕ;S n inan loc sg
пятая;ПЯТЫЙ;A - nom sg plen f -;;;я;а;т;я;п;;A;ПЯТЫЙ;A - nom sg plen f -
колонна;КОЛОННА;S f inan nom sg;;;а;н;н;о;л;о;S;КОЛОННА;S f inan nom sg
?;?;SENT;;;;;;;;;SENT;?;SENT
;;;;;;;;;;;;;
Не;НЕ;PART;;;е;н;;;;;PART;НЕ;PART
,;,;PUNC;;;;;;;;;PUNC;,;PUNC
в;В;PR;;;в;;;;;;PR;В;PR
смысле;СМЫСЛ;S m inan loc sg;;;е;л;с;ы;м;с;S;СМЫСЛ;S m inan loc sg
,;,;PUNC;;;;;;;;;PUNC;,;PUNC
я;Я;SPRO sg 1p - nom;;;я;;;;;;SPRO;Я;SPRO sg 1p - nom
понимаю;ПОНИМАТЬ;V ipf praes sg indic - 1p;;;ю;а;м;и;н;о;V;ПОНИМАТЬ;V ipf praes sg indic - 1p
,;,;PUNC;;;;;;;;;PUNC;,;PUNC
что;ЧТО;CONJ;;;о;т;ч;;;;CONJ;ЧТО;CONJ
это;ЭТО;SPRO n - acc sg;;;о;т;э;;;;S;ЭТО;S n - nom sg
,;,;PUNC;;;;;;;;;PUNC;,;PUNC
но;НО;CONJ;;;о;н;;;;;CONJ;НО;CONJ
&;&;PUNC;;;;;;;;;PUNC;&;PUNC
lt;LT;NONLEX;;;;;;;;;NONLEX;LT;NONLEX
";";";";PUNC;;;;;;;;;PUNC;";";PUNC
distinct;DISTINCT;NONLEX;;;;;;;;;NONLEX;DISTINCT;NONLEX
form;FORM;NONLEX;;;;;;;;;NONLEX;FORM;NONLEX
=;=;PUNC;;;;;;;;;PUNC;=;PUNC
&;&;PUNC;;;;;;;;;PUNC;&;PUNC
quot;QUOT;NONLEX;;;;;;;;;NONLEX;QUOT;NONLEX
";";";";PUNC;;;;;;;;;PUNC;";";PUNC
тип;ТИПА;PART;distort;;п;и;т;;;;S;ТИП;S m inan acc sg
&;&;PUNC;;;;;;;;;PUNC;&;PUNC
quot;QUOT;NONLEX;;;;;;;;;NONLEX;QUOT;NONLEX
";";";";SENT;;;;;;;;;SENT;";";SENT
;;;;;;;;;;;;;
&;&;PUNC;;;;;;;;;PUNC;&;PUNC
gt;GT;NONLEX;;;;;;;;;NONLEX;GT;NONLEX
";";";";PUNC;;;;;;;;;PUNC;";";PUNC
типа;ТИПА;PART;distort;;а;п;и;т;;;S;ТИП;S m inan gen sg
&;&;PUNC;;;;;;;;;PUNC;&;PUNC
lt;LT;NONLEX;;;;;;;;;NONLEX;LT;NONLEX
";";";";SENT;;;;;;;;;SENT;";";SENT
;;;;;;;;;;;;;
/;/;PUNC;;;;;;;;;PUNC;/;PUNC
distinct;DISTINCT;NONLEX;;;;;;;;;NONLEX;DISTINCT;NONLEX
&;&;PUNC;;;;;;;;;PUNC;&;PUNC
gt;GT;NONLEX;;;;;;;;;NONLEX;GT;NONLEX
";";";";SENT;;;;;;;;;SENT;";";SENT
;;;;;;;;;;;;;
в;В;PR;;;в;;;;;;PR;В;PR
его;ЕГО;SPRO m loc sg;;;о;г;е;;;;A;ЕГО;A - nonflex nonflex plen - -
понимании;ПОНИМАНИЕ;S n inan loc sg;;;и;и;н;а;м;и;S;ПОНИМАНИЕ;S n inan loc sg
?;?;SENT;;;;;;;;;SENT;?;SENT
;;;;;;;;;;;;;
Екатерина;ЕКАТЕРИНА;S f anim nom sg persn;;;а;н;и;р;е;т;S;ЕКАТЕРИНА;S f anim nom sg
@;@;PUNC;;;;;;;;;PUNC;@;PUNC
Ну;НУ;PART;;;у;н;;;;;PART;НУ;PART
,;,;PUNC;;;;;;;;;PUNC;,;PUNC
это;ЭТО;SPRO n - nom sg;;;о;т;э;;;;S;ЭТО;S n - nom sg
же;ЖЕ;PART;;;е;ж;;;;;PART;ЖЕ;PART
стеб;СТЕБ;S m inan acc sg;;;б;е;т;с;;;S;СТЕБ;S m inan acc sg
.;.;SENT;;;;;;;;;SENT;.;SENT
;;;;;;;;;;;;;
Как бы;Как бы;-;;;ы;б; ;к;а;к;-;Как бы;-
,;,;PUNC;;;;;;;;;PUNC;,;PUNC
его;ОН;SPRO sg 3p m acc;;;о;г;е;;;;SPRO;ОН;SPRO sg 3p m acc
&;&;PUNC;;;;;;;;;PUNC;&;PUNC
lt;LT;NONLEX;;;;;;;;;NONLEX;LT;NONLEX
";";";";PUNC;;;;;;;;;PUNC;";";PUNC
distinct;DISTINCT;NONLEX;;;;;;;;;NONLEX;DISTINCT;NONLEX
form;FORM;NONLEX;;;;;;;;;NONLEX;FORM;NONLEX
=;=;PUNC;;;;;;;;;PUNC;=;PUNC
&;&;PUNC;;;;;;;;;PUNC;&;PUNC
quot;QUOT;NONLEX;;;;;;;;;NONLEX;QUOT;NONLEX
";";";";PUNC;;;;;;;;;PUNC;";";PUNC
пнмн;ПОНИМАНИЕ;S n inan loc sg;distort;;н;м;н;п;;;NONLEX;ПНМН;NONLEX
&;&;PUNC;;;;;;;;;PUNC;&;PUNC
quot;QUOT;NONLEX;;;;;;;;;NONLEX;QUOT;NONLEX
";";";";SENT;;;;;;;;;SENT;";";SENT
;;;;;;;;;;;;;
&;&;PUNC;;;;;;;;;PUNC;&;PUNC
gt;GT;NONLEX;;;;;;;;;NONLEX;GT;NONLEX
";";";";PUNC;;;;;;;;;PUNC;";";PUNC
понимании;ПОНИМАНИЕ;S n inan loc sg;;;и;и;н;а;м;и;S;ПОНИМАНИЕ;S n inan loc sg
&;&;PUNC;;;;;;;;;PUNC;&;PUNC
lt;LT;NONLEX;;;;;;;;;NONLEX;LT;NONLEX
";";";";SENT;;;;;;;;;SENT;";";SENT
;;;;;;;;;;;;;
/;/;PUNC;;;;;;;;;PUNC;/;PUNC
distinct;DISTINCT;NONLEX;;;;;;;;;NONLEX;DISTINCT;NONLEX
&;&;PUNC;;;;;;;;;PUNC;&;PUNC
gt;GT;NONLEX;;;;;;;;;NONLEX;GT;NONLEX
";";";";SENT;;;;;;;;;SENT;";";SENT
;;;;;;;;;;;;;
Ну;НУ;PART;;;у;н;;;;;PART;НУ;PART
,;,;PUNC;;;;;;;;;PUNC;,;PUNC
&;&;PUNC;;;;;;;;;PUNC;&;PUNC
lt;LT;NONLEX;;;;;;;;;NONLEX;LT;NONLEX
";";";";PUNC;;;;;;;;;PUNC;";";PUNC
distinct;DISTINCT;NONLEX;;;;;;;;;NONLEX;DISTINCT;NONLEX
form;FORM;NONLEX;;;;;;;;;NONLEX;FORM;NONLEX
=;=;PUNC;;;;;;;;;PUNC;=;PUNC
&;&;PUNC;;;;;;;;;PUNC;&;PUNC
quot;QUOT;NONLEX;;;;;;;;;NONLEX;QUOT;NONLEX
";";";";PUNC;;;;;;;;;PUNC;";";PUNC
кыбы;как бы; ;distort;;ы;б;ы;к;;;S;КЫБ;S m inan acc pl
&;&;PUNC;;;;;;;;;PUNC;&;PUNC
quot;QUOT;NONLEX;;;;;;;;;NONLEX;QUOT;NONLEX
";";";";SENT;;;;;;;;;SENT;";";SENT
;;;;;;;;;;;;;
&;&;PUNC;;;;;;;;;PUNC;&;PUNC
gt;GT;NONLEX;;;;;;;;;NONLEX;GT;NONLEX
";";";";PUNC;;;;;;;;;PUNC;";";PUNC
как бы;как бы;-;;;ы;б; ;к;а;к;-;как бы;-
&;&;PUNC;;;;;;;;;PUNC;&;PUNC
lt;LT;NONLEX;;;;;;;;;NONLEX;LT;NONLEX
";";";";SENT;;;;;;;;;SENT;";";SENT
;;;;;;;;;;;;;
/;/;PUNC;;;;;;;;;PUNC;/;PUNC
distinct;DISTINCT;NONLEX;;;;;;;;;NONLEX;DISTINCT;NONLEX
&;&;PUNC;;;;;;;;;PUNC;&;PUNC
gt;GT;NONLEX;;;;;;;;;NONLEX;GT;NONLEX
";";";";SENT;;;;;;;;;SENT;";";SENT
;;;;;;;;;;;;;
,;,;PUNC;;;;;;;;;PUNC;,;PUNC
он;ОН;SPRO sg 3p m nom;;;н;о;;;;;SPRO;ОН;SPRO sg 3p m nom
говорит;ГОВОРИТЬ;V ipf praes sg indic - 3p;;;т;и;р;о;в;о;V;ГОВОРИТЬ;V ipf praes sg indic - 3p
это;ЭТО;SPRO n - acc sg;;;о;т;э;;;;S;ЭТО;S n - acc sg
,;,;PUNC;;;;;;;;;PUNC;,;PUNC
&;&;PUNC;;;;;;;;;PUNC;&;PUNC
lt;LT;NONLEX;;;;;;;;;NONLEX;LT;NONLEX
";";";";PUNC;;;;;;;;;PUNC;";";PUNC
distinct;DISTINCT;NONLEX;;;;;;;;;NONLEX;DISTINCT;NONLEX
form;FORM;NONLEX;;;;;;;;;NONLEX;FORM;NONLEX
=;=;PUNC;;;;;;;;;PUNC;=;PUNC
&;&;PUNC;;;;;;;;;PUNC;&;PUNC
quot;QUOT;NONLEX;;;;;;;;;NONLEX;QUOT;NONLEX
";";";";PUNC;;;;;;;;;PUNC;";";PUNC
кыбы;КАК БЫ;;distort;;ы;б;ы;к;;;S;КЫБ;S m inan acc pl
&;&;PUNC;;;;;;;;;PUNC;&;PUNC
quot;QUOT;NONLEX;;;;;;;;;NONLEX;QUOT;NONLEX
";";";";SENT;;;;;;;;;SENT;";";SENT
;;;;;;;;;;;;;
&;&;PUNC;;;;;;;;;PUNC;&;PUNC
gt;GT;NONLEX;;;;;;;;;NONLEX;GT;NONLEX
";";";";PUNC;;;;;;;;;PUNC;";";PUNC
как бы;как бы;-;;;ы;б; ;к;а;к;-;как бы;-
&;&;PUNC;;;;;;;;;PUNC;&;PUNC
lt;LT;NONLEX;;;;;;;;;NONLEX;LT;NONLEX
";";";";SENT;;;;;;;;;SENT;";";SENT
;;;;;;;;;;;;;
/;/;PUNC;;;;;;;;;PUNC;/;PUNC
distinct;DISTINCT;NONLEX;;;;;;;;;NONLEX;DISTINCT;NONLEX
&;&;PUNC;;;;;;;;;PUNC;&;PUNC
gt;GT;NONLEX;;;;;;;;;NONLEX;GT;NONLEX
";";";";SENT;;;;;;;;;SENT;";";SENT
;;;;;;;;;;;;;
,;,;PUNC;;;;;;;;;PUNC;,;PUNC
не;НЕ;PART;;;е;н;;;;;PART;НЕ;PART
используя;ИСПОЛЬЗОВАТЬ;V ipf praes - ger - -;;;я;у;з;ь;л;о;V;ИСПОЛЬЗОВАТЬ;V ipf praes - ger - -
,;,;PUNC;;;;;;;;;PUNC;,;PUNC
не;НЕ;PART;;;е;н;;;;;PART;НЕ;PART
используя;ИСПОЛЬЗОВАТЬ;V ipf praes - ger - -;;;я;у;з;ь;л;о;V;ИСПОЛЬЗОВАТЬ;V ipf praes - ger - -
свое;СВОЙ;A - nom sg plen n -;;;е;о;в;с;;;A;СВОЙ;A - nom sg plen n -
понимание;ПОНИМАНИЕ;S n inan nom sg;;;е;и;н;а;м;и;S;ПОНИМАНИЕ;S n inan nom sg
,;,;PUNC;;;;;;;;;PUNC;,;PUNC
то есть;то есть;-;;;ь;т;с;е; ;о;-;то есть;-
это;ЭТО;SPRO n - nom sg;;;о;т;э;;;;S;ЭТО;S n - nom sg
внешнее;ВНЕШНИЙ;A - nom sg plen n -;;;е;е;н;ш;е;н;A;ВНЕШНИЙ;A - nom sg plen n -
.;.;SENT;;;;;;;;;SENT;.;SENT
;;;;;;;;;;;;;
Внешняя;ВНЕШНИЙ;A - nom sg plen f -;;;я;я;н;ш;е;н;A;ВНЕШНИЙ;A - nom sg plen f -
,;,;PUNC;;;;;;;;;PUNC;,;PUNC
как бы;как бы;-;;;ы;б; ;к;а;к;-;как бы;-
,;,;PUNC;;;;;;;;;PUNC;,;PUNC
реакция;РЕАКЦИЯ;S f inan nom sg;;;я;и;ц;к;а;е;S;РЕАКЦИЯ;S f inan nom sg
на;НА;PR;;;а;н;;;;;PR;НА;PR
высшую;ВЫСШИЙ;A supr acc sg plen f -;;;ю;у;ш;с;ы;в;A;ВЫСШИЙ;A supr acc sg plen f -
школу;ШКОЛА;S f inan acc sg;;;у;л;о;к;ш;;S;ШКОЛА;S f inan acc sg
экономики;ЭКОНОМИКА;S f inan gen sg;;;и;к;и;м;о;н;S;ЭКОНОМИКА;S f inan gen sg
.;.;SENT;;;;;;;;;SENT;.;SENT
;;;;;;;;;;;;;
То;ТО;S n - nom sg;;;о;т;;;;;S;ТО;S n - nom sg
,;,;PUNC;;;;;;;;;PUNC;,;PUNC
что;ЧТО;SPRO n inan acc sg;;;о;т;ч;;;;S;ЧТО;S n inan acc sg
?;?;SENT;;;;;;;;;SENT;?;SENT
;;;;;;;;;;;;;
А;А;CONJ;;;а;;;;;;S;А;S - - nonflex nonflex
&;&;PUNC;;;;;;;;;PUNC;&;PUNC
lt;LT;NONLEX;;;;;;;;;NONLEX;LT;NONLEX
";";";";PUNC;;;;;;;;;PUNC;";";PUNC
distinct;DISTINCT;NONLEX;;;;;;;;;NONLEX;DISTINCT;NONLEX
form;FORM;NONLEX;;;;;;;;;NONLEX;FORM;NONLEX
=;=;PUNC;;;;;;;;;PUNC;=;PUNC
&;&;PUNC;;;;;;;;;PUNC;&;PUNC
quot;QUOT;NONLEX;;;;;;;;;NONLEX;QUOT;NONLEX
";";";";PUNC;;;;;;;;;PUNC;";";PUNC
вт;ВОТ;PARENTH;distort;;т;в;;;;;S;ВТ;S m inan nonflex nonflex
&;&;PUNC;;;;;;;;;PUNC;&;PUNC
quot;QUOT;NONLEX;;;;;;;;;NONLEX;QUOT;NONLEX
";";";";SENT;;;;;;;;;SENT;";";SENT
;;;;;;;;;;;;;
&;&;PUNC;;;;;;;;;PUNC;&;PUNC
gt;GT;NONLEX;;;;;;;;;NONLEX;GT;NONLEX
";";";";PUNC;;;;;;;;;PUNC;";";PUNC
вот;ВОТ;PARENTH;;;т;о;в;;;;PART;ВОТ;PART
&;&;PUNC;;;;;;;;;PUNC;&;PUNC
lt;LT;NONLEX;;;;;;;;;NONLEX;LT;NONLEX
";";";";SENT;;;;;;;;;SENT;";";SENT
;;;;;;;;;;;;;
/;/;PUNC;;;;;;;;;PUNC;/;PUNC
distinct;DISTINCT;NONLEX;;;;;;;;;NONLEX;DISTINCT;NONLEX
&;&;PUNC;;;;;;;;;PUNC;&;PUNC
gt;GT;NONLEX;;;;;;;;;NONLEX;GT;NONLEX
";";";";SENT;;;;;;;;;SENT;";";SENT
;;;;;;;;;;;;;
,;,;PUNC;;;;;;;;;PUNC;,;PUNC
ну;НУ;PART;;;у;н;;;;;PART;НУ;PART
,;,;PUNC;;;;;;;;;PUNC;,;PUNC
у;У;PR;;;у;;;;;;PR;У;PR
всех;ВСЕ;APRO - - loc pl;;;х;е;с;в;;;S;ВСЕ;S - - loc pl
университетов;УНИВЕРСИТЕТ;S m inan gen pl;;;в;о;т;е;т;и;S;УНИВЕРСИТЕТ;S m inan gen pl
&;&;PUNC;;;;;;;;;PUNC;&;PUNC
lt;LT;NONLEX;;;;;;;;;NONLEX;LT;NONLEX
";";";";PUNC;;;;;;;;;PUNC;";";PUNC
noindex;NOINDEX;NONLEX;;;;;;;;;NONLEX;NOINDEX;NONLEX
&;&;PUNC;;;;;;;;;PUNC;&;PUNC
gt;GT;NONLEX;;;;;;;;;NONLEX;GT;NONLEX
";";";";SENT;;;;;;;;;SENT;";";SENT
;;;;;;;;;;;;;
[;[;PUNC;;;;;;;;;PUNC;[;PUNC
нрзб;НРЗБ;NONLEX;;;б;з;р;н;;;NONLEX;НРЗБ;NONLEX
];];PUNC;;;;;;;;;PUNC;];PUNC
&;&;PUNC;;;;;;;;;PUNC;&;PUNC
lt;LT;NONLEX;;;;;;;;;NONLEX;LT;NONLEX
";";";";SENT;;;;;;;;;SENT;";";SENT
;;;;;;;;;;;;;
/;/;PUNC;;;;;;;;;PUNC;/;PUNC
noindex;NOINDEX;NONLEX;;;;;;;;;NONLEX;NOINDEX;NONLEX
&;&;PUNC;;;;;;;;;PUNC;&;PUNC
gt;GT;NONLEX;;;;;;;;;NONLEX;GT;NONLEX
";";";";SENT;;;;;;;;;SENT;";";SENT
;;;;;;;;;;;;;
Она;ОНА;SPRO sg 3p f nom;;;а;н;о;;;;SPRO;ОНА;SPRO sg 3p f nom
такая;ТАКОЙ;APRO - nom sg plen f -;;;я;а;к;а;т;;A;ТАКОЙ;A - nom sg plen f -
,;,;PUNC;;;;;;;;;PUNC;,;PUNC
что;ЧТО;CONJ;;;о;т;ч;;;;CONJ;ЧТО;CONJ
она;ОНА;SPRO sg 3p f nom;;;а;н;о;;;;SPRO;ОНА;SPRO sg 3p f nom
не;НЕ;PART;;;е;н;;;;;PART;НЕ;PART
критикует;КРИТИКОВАТЬ;V ipf praes sg indic - 3p;;;т;е;у;к;и;т;V;КРИТИКОВАТЬ;V ipf praes sg indic - 3p
ни;НИ;CONJ;;;и;н;;;;;CONJ;НИ;CONJ
власть;ВЛАСТЬ;S f inan acc sg;;;ь;т;с;а;л;в;S;ВЛАСТЬ;S f inan nom sg
,;,;PUNC;;;;;;;;;PUNC;,;PUNC
ни;НИ;CONJ;;;и;н;;;;;CONJ;НИ;CONJ
вообще;ВООБЩЕ;ADV -;;;е;щ;б;о;о;в;ADV;ВООБЩЕ;ADV -
ничего;НИЧТО;SPRO n - gen sg;;;о;г;е;ч;и;н;S;НИЧТО;S n - gen sg
не;НЕ;PART;;;е;н;;;;;PART;НЕ;PART
критикует;КРИТИКОВАТЬ;V ipf praes sg indic - 3p;;;т;е;у;к;и;т;V;КРИТИКОВАТЬ;V ipf praes sg indic - 3p
.;.;SENT;;;;;;;;;SENT;.;SENT
;;;;;;;;;;;;;
Потому что;Потому что;ZERO;;;о;т;ч; ;у;м;ZERO;Потому что;ZERO
вот;ВОТ;PARENTH;;;т;о;в;;;;PART;ВОТ;PART
у;У;PR;;;у;;;;;;PR;У;PR
меня;Я;SPRO sg 1p - acc;;;я;н;е;м;;;SPRO;Я;SPRO sg 1p - acc
моя;МОЙ;A - nom sg plen f -;;;я;о;м;;;;A;МОЙ;A - nom sg plen f -
подруга;ПОДРУГА;S f anim nom sg;;;а;г;у;р;д;о;S;ПОДРУГА;S f anim nom sg
,;,;PUNC;;;;;;;;;PUNC;,;PUNC
она;ОНА;SPRO sg 3p f nom;;;а;н;о;;;;SPRO;ОНА;SPRO sg 3p f nom
после;ПОСЛЕ;PR;;;е;л;с;о;п;;PR;ПОСЛЕ;PR
первого;ПЕРВЫЙ;ANUM - gen sg plen m -;;;о;г;о;в;р;е;A;ПЕРВЫЙ;A - gen sg plen m -
курса;КУРС;S m inan gen sg;;;а;с;р;у;к;;S;КУРС;S m inan gen sg
,;,;PUNC;;;;;;;;;PUNC;,;PUNC
она;ОНА;SPRO sg 3p f nom;;;а;н;о;;;;SPRO;ОНА;SPRO sg 3p f nom
перешла;ПЕРЕЙТИ;V pf praet sg indic f -;;;а;л;ш;е;р;е;V;ПЕРЕЙТИ;V pf praet sg indic f -
в;В;PR;;;в;;;;;;PR;В;PR
&;&;PUNC;;;;;;;;;PUNC;&;PUNC
lt;LT;NONLEX;;;;;;;;;NONLEX;LT;NONLEX
";";";";PUNC;;;;;;;;;PUNC;";";PUNC
distinct;DISTINCT;NONLEX;;;;;;;;;NONLEX;DISTINCT;NONLEX
form;FORM;NONLEX;;;;;;;;;NONLEX;FORM;NONLEX
=;=;PUNC;;;;;;;;;PUNC;=;PUNC
&;&;PUNC;;;;;;;;;PUNC;&;PUNC
quot;QUOT;NONLEX;;;;;;;;;NONLEX;QUOT;NONLEX
";";";";PUNC;;;;;;;;;PUNC;";";PUNC
эмгэу;Московский Государственный Университет;S m inan acc sg;abbr;;у;э;г;м;э;;S;ЭМГЭУ;S f inan nom sg
&;&;PUNC;;;;;;;;;PUNC;&;PUNC
quot;QUOT;NONLEX;;;;;;;;;NONLEX;QUOT;NONLEX
";";";";SENT;;;;;;;;;SENT;";";SENT
;;;;;;;;;;;;;
&;&;PUNC;;;;;;;;;PUNC;&;PUNC
gt;GT;NONLEX;;;;;;;;;NONLEX;GT;NONLEX
";";";";SENT;;;;;;;;;SENT;";";SENT
;;;;;;;;;;;;;
МГУ;Московский Государственный Университет;S m inan acc sg;abbr;;у;г;м;;;;S;МГУ;S m inan nonflex nonflex
&;&;PUNC;;;;;;;;;PUNC;&;PUNC
lt;LT;NONLEX;;;;;;;;;NONLEX;LT;NONLEX
";";";";SENT;;;;;;;;;SENT;";";SENT
;;;;;;;;;;;;;
/;/;PUNC;;;;;;;;;PUNC;/;PUNC
distinct;DISTINCT;NONLEX;;;;;;;;;NONLEX;DISTINCT;NONLEX
&;&;PUNC;;;;;;;;;PUNC;&;PUNC
gt;GT;NONLEX;;;;;;;;;NONLEX;GT;NONLEX
";";";";SENT;;;;;;;;;SENT;";";SENT
;;;;;;;;;;;;;
на;НА;PART;;;а;н;;;;;PART;НА;PART
?;?;SENT;;;;;;;;;SENT;?;SENT
;;;;;;;;;;;;;
Она;ОНА;SPRO sg 3p f nom;;;а;н;о;;;;SPRO;ОНА;SPRO sg 3p f nom
вот;ВОТ;PART;;;т;о;в;;;;PART;ВОТ;PART
училась;УЧИТЬСЯ;V ipf praet sg indic f -;;;ь;с;а;л;и;ч;V;УЧИТЬСЯ;V ipf praet sg indic f -
на;НА;PR;;;а;н;;;;;PR;НА;PR
востоковедении;ВОСТОКОВЕДЕНИЕ;S n inan loc2 sg;;;и;и;н;е;д;е;S;ВОСТОКОВЕДЕНИЕ;S n inan loc sg
,;,;PUNC;;;;;;;;;PUNC;,;PUNC
на;НА;PR;;;а;н;;;;;PR;НА;PR
китайском;КИТАЙСКИЙ;A - loc2 sg plen m -;;;м;о;к;с;й;а;A;КИТАЙСКИЙ;A - loc sg plen m -
,;,;PUNC;;;;;;;;;PUNC;,;PUNC
она;ОНА;SPRO sg 3p f nom;;;а;н;о;;;;SPRO;ОНА;SPRO sg 3p f nom
перешла;ПЕРЕЙТИ;V pf praet sg indic f -;;;а;л;ш;е;р;е;V;ПЕРЕЙТИ;V pf praet sg indic f -
на;НА;PR;;;а;н;;;;;PR;НА;PR
&;&;PUNC;;;;;;;;;PUNC;&;PUNC
lt;LT;NONLEX;;;;;;;;;NONLEX;LT;NONLEX
";";";";PUNC;;;;;;;;;PUNC;";";PUNC
distinct;DISTINCT;NONLEX;;;;;;;;;NONLEX;DISTINCT;NONLEX
form;FORM;NONLEX;;;;;;;;;NONLEX;FORM;NONLEX
=;=;PUNC;;;;;;;;;PUNC;=;PUNC
&;&;PUNC;;;;;;;;;PUNC;&;PUNC
quot;QUOT;NONLEX;;;;;;;;;NONLEX;QUOT;NONLEX
";";";";PUNC;;;;;;;;;PUNC;";";PUNC
эмгэу;Московский Государственный Университет;S m inan acc sg;abbr;;у;э;г;м;э;;S;ЭМГЭУ;S f inan nom sg
&;&;PUNC;;;;;;;;;PUNC;&;PUNC
quot;QUOT;NONLEX;;;;;;;;;NONLEX;QUOT;NONLEX
";";";";SENT;;;;;;;;;SENT;";";SENT
;;;;;;;;;;;;;
&;&;PUNC;;;;;;;;;PUNC;&;PUNC
gt;GT;NONLEX;;;;;;;;;NONLEX;GT;NONLEX
";";";";SENT;;;;;;;;;SENT;";";SENT
;;;;;;;;;;;;;
МГУ;Московский Государственный Университет;S m inan acc sg;abbr;;у;г;м;;;;S;МГУ;S m inan nonflex nonflex
&;&;PUNC;;;;;;;;;PUNC;&;PUNC
lt;LT;NONLEX;;;;;;;;;NONLEX;LT;NONLEX
";";";";SENT;;;;;;;;;SENT;";";SENT
;;;;;;;;;;;;;
/;/;PUNC;;;;;;;;;PUNC;/;PUNC
distinct;DISTINCT;NONLEX;;;;;;;;;NONLEX;DISTINCT;NONLEX
&;&;PUNC;;;;;;;;;PUNC;&;PUNC
gt;GT;NONLEX;;;;;;;;;NONLEX;GT;NONLEX
";";";";PUNC;;;;;;;;;PUNC;";";PUNC
на;НА;PR;;;а;н;;;;;PR;НА;PR
филологию;ФИЛОЛОГИЯ;S f inan acc sg;;;ю;и;г;о;л;о;S;ФИЛОЛОГИЯ;S f inan acc sg
,;,;PUNC;;;;;;;;;PUNC;,;PUNC
японский;ЯПОНСКИЙ;A - acc sg plen m -;;;й;и;к;с;н;о;A;ЯПОНСКИЙ;A - nom sg plen m -
.;.;SENT;;;;;;;;;SENT;.;SENT
;;;;;;;;;;;;;
И;И;CONJ;;;и;;;;;;CONJ;И;CONJ
она;ОНА;SPRO sg 3p f nom;;;а;н;о;;;;SPRO;ОНА;SPRO sg 3p f nom
говорит;ГОВОРИТЬ;V ipf praes sg indic - 3p;;;т;и;р;о;в;о;V;ГОВОРИТЬ;V ipf praes sg indic - 3p
,;,;PUNC;;;;;;;;;PUNC;,;PUNC
что;ЧТО;CONJ;;;о;т;ч;;;;CONJ;ЧТО;CONJ
у;У;PR;;;у;;;;;;PR;У;PR
них;ОНИ;SPRO pl - - loc;;;х;и;н;;;;SPRO;ОНИ;SPRO pl - - loc
там;ТАМ;ADV -;;;м;а;т;;;;ADV;ТАМ;ADV -
,;,;PUNC;;;;;;;;;PUNC;,;PUNC
ну;НУ;PART;;;у;н;;;;;PART;НУ;PART
короче;КОРОЧЕ;PARENTH;;;е;ч;о;р;о;к;ADV;КОРОЧЕ;ADV comp
,;,;PUNC;;;;;;;;;PUNC;,;PUNC
какое-то;КАКОЙ-ТО;APRO - nom sg plen n -;;;о;т;;е;о;к;A;КАКОЙ-ТО;A - nom sg plen n -
свое;СВОЙ;APRO - nom sg plen n -;;;е;о;в;с;;;A;СВОЙ;A - nom sg plen n -
личное;ЛИЧНЫЙ;A - nom sg plen n -;;;е;о;н;ч;и;л;A;ЛИЧНЫЙ;A - nom sg plen n -
дело;ДЕЛО;S n inan nom sg;;;о;л;е;д;;;S;ДЕЛО;S n inan nom sg
.;.;SENT;;;;;;;;;SENT;.;SENT
;;;;;;;;;;;;;
И;И;CONJ;;;и;;;;;;CONJ;И;CONJ
,;,;PUNC;;;;;;;;;PUNC;,;PUNC
ну;НУ;PART;;;у;н;;;;;PART;НУ;PART
,;,;PUNC;;;;;;;;;PUNC;,;PUNC
ей;ОНА;SPRO sg 3p f dat;;;й;е;;;;;SPRO;ОНА;SPRO sg 3p f dat
,;,;PUNC;;;;;;;;;PUNC;,;PUNC
конечно;КОНЕЧНО;ADV -;;;о;н;ч;е;н;о;ADV;КОНЕЧНО;ADV -
,;,;PUNC;;;;;;;;;PUNC;,;PUNC
не;НЕ;PART;;;е;н;;;;;PART;НЕ;PART
касательно;КАСАТЕЛЬНО;PR;;;о;н;ь;л;е;т;PR;КАСАТЕЛЬНО;PR
ее;ЕЕ;APRO - nonflex nonflex plen - -;;;е;е;;;;;A;ЕЕ;A - nonflex nonflex plen - -
высказываний;ВЫСКАЗЫВАНИЕ;S n inan gen pl;;;й;и;н;а;в;ы;S;ВЫСКАЗЫВАНИЕ;S n inan gen pl
,;,;PUNC;;;;;;;;;PUNC;,;PUNC
но;НО;CONJ;;;о;н;;;;;CONJ;НО;CONJ
за;ЗА;PR;;;а;з;;;;;PR;ЗА;PR
какое-то;КАКОЙ-ТО;APRO - acc sg plen n inan;;;о;т;;е;о;к;A;КАКОЙ-ТО;A - acc sg plen n inan
опоздание;ОПОЗДАНИЕ;S n inan acc sg;;;е;и;н;а;д;з;S;ОПОЗДАНИЕ;S n inan acc sg
,;,;PUNC;;;;;;;;;PUNC;,;PUNC
если;ЕСЛИ;CONJ;;;и;л;с;е;;;CONJ;ЕСЛИ;CONJ
только;ТОЛЬКО;PART;;;о;к;ь;л;о;т;PART;ТОЛЬКО;PART
&;&;PUNC;;;;;;;;;PUNC;&;PUNC
lt;LT;NONLEX;;;;;;;;;NONLEX;LT;NONLEX
";";";";PUNC;;;;;;;;;PUNC;";";PUNC
noindex;NOINDEX;NONLEX;;;;;;;;;NONLEX;NOINDEX;NONLEX
&;&;PUNC;;;;;;;;;PUNC;&;PUNC
gt;GT;NONLEX;;;;;;;;;NONLEX;GT;NONLEX
";";";";SENT;;;;;;;;;SENT;";";SENT
;;;;;;;;;;;;;
[;[;PUNC;;;;;;;;;PUNC;[;PUNC
нрзб;НРЗБ;NONLEX;;;б;з;р;н;;;NONLEX;НРЗБ;NONLEX
];];PUNC;;;;;;;;;PUNC;];PUNC
&;&;PUNC;;;;;;;;;PUNC;&;PUNC
lt;LT;NONLEX;;;;;;;;;NONLEX;LT;NONLEX
";";";";SENT;;;;;;;;;SENT;";";SENT
;;;;;;;;;;;;;
/;/;PUNC;;;;;;;;;PUNC;/;PUNC
noindex;NOINDEX;NONLEX;;;;;;;;;NONLEX;NOINDEX;NONLEX
&;&;PUNC;;;;;;;;;PUNC;&;PUNC
gt;GT;NONLEX;;;;;;;;;NONLEX;GT;NONLEX
";";";";SENT;;;;;;;;;SENT;";";SENT
;;;;;;;;;;;;;
&;&;PUNC;;;;;;;;;PUNC;&;PUNC
lt;LT;NONLEX;;;;;;;;;NONLEX;LT;NONLEX
";";";";PUNC;;;;;;;;;PUNC;";";PUNC
distinct;DISTINCT;NONLEX;;;;;;;;;NONLEX;DISTINCT;NONLEX
form;FORM;NONLEX;;;;;;;;;NONLEX;FORM;NONLEX
=;=;PUNC;;;;;;;;;PUNC;=;PUNC
&;&;PUNC;;;;;;;;;PUNC;&;PUNC
quot;QUOT;NONLEX;;;;;;;;;NONLEX;QUOT;NONLEX
";";";";PUNC;;;;;;;;;PUNC;";";PUNC
шт;что;CONJ;distort;;т;ш;;;;;S;ШТ;S f inan nom sg
&;&;PUNC;;;;;;;;;PUNC;&;PUNC
quot;QUOT;NONLEX;;;;;;;;;NONLEX;QUOT;NONLEX
";";";";SENT;;;;;;;;;SENT;";";SENT
;;;;;;;;;;;;;
&;&;PUNC;;;;;;;;;PUNC;&;PUNC
gt;GT;NONLEX;;;;;;;;;NONLEX;GT;NONLEX
";";";";PUNC;;;;;;;;;PUNC;";";PUNC
что-то;ЧТО-ТО;SPRO n inan nom sg;;;о;т;;о;т;ч;S;ЧТО-ТО;S n inan nom sg
&;&;PUNC;;;;;;;;;PUNC;&;PUNC
lt;LT;NONLEX;;;;;;;;;NONLEX;LT;NONLEX
";";";";SENT;;;;;;;;;SENT;";";SENT
;;;;;;;;;;;;;
/;/;PUNC;;;;;;;;;PUNC;/;PUNC
distinct;DISTINCT;NONLEX;;;;;;;;;NONLEX;DISTINCT;NONLEX
&;&;PUNC;;;;;;;;;PUNC;&;PUNC
gt;GT;NONLEX;;;;;;;;;NONLEX;GT;NONLEX
";";";";PUNC;;;;;;;;;PUNC;";";PUNC
занесли;ЗАНЕСТИ;V pf praet pl indic tran -;;;и;л;с;е;н;а;V;ЗАНЕСТИ;V pf praet pl indic - -
в;В;PR;;;в;;;;;;PR;В;PR
личное;ЛИЧНЫЙ;A - acc sg plen n inan;;;е;о;н;ч;и;л;A;ЛИЧНЫЙ;A - acc sg plen n inan
дело;ДЕЛО;S n inan acc sg;;;о;л;е;д;;;S;ДЕЛО;S n inan acc sg
и;И;CONJ;;;и;;;;;;CONJ;И;CONJ
типа;ТИПА;PART;;;а;п;и;т;;;S;ТИП;S m inan gen sg
чтобы;ЧТОБЫ;CONJ;;;ы;б;о;т;ч;;CONJ;ЧТОБЫ;CONJ
она;ОНА;SPRO sg 3p f nom;;;а;н;о;;;;SPRO;ОНА;SPRO sg 3p f nom
больше;БОЛЬШЕ;ADV comp;;;е;ш;ь;л;о;б;ADV;БОЛЬШЕ;ADV -
такого;ТАКОЙ;APRO - gen sg plen m -;;;о;г;о;к;а;т;A;ТАКОЙ;A - gen sg plen m -
не;НЕ;PART;;;е;н;;;;;PART;НЕ;PART
повторяла;ПОВТОРЯТЬ;V ipf praet sg indic f -;;;а;л;я;р;о;т;V;ПОВТОРЯТЬ;V ipf praet sg indic f -
,;,;PUNC;;;;;;;;;PUNC;,;PUNC
там;ТАМ;ADV -;;;м;а;т;;;;ADV;ТАМ;ADV -
какой-то;КАКОЙ-ТО;APRO - nom sg plen m -;;;о;т;;й;о;к;A;КАКОЙ-ТО;A - nom sg plen m -
ответственный;ОТВЕТСТВЕННЫЙ;A - nom sg plen m -;;;й;ы;н;н;е;в;A;ОТВЕТСТВЕННЫЙ;A - nom sg plen m -
за;ЗА;PR;;;а;з;;;;;PR;ЗА;PR
их;ИХ;A - nonflex nonflex plen - -;;;х;и;;;;;A;ИХ;A - nonflex nonflex plen - -
направление;НАПРАВЛЕНИЕ;S n inan acc sg;;;е;и;н;е;л;в;S;НАПРАВЛЕНИЕ;S n inan acc sg
.;.;SENT;;;;;;;;;SENT;.;SENT
;;;;;;;;;;;;;
Я;Я;SPRO sg 1p - nom;;;я;;;;;;SPRO;Я;SPRO sg 1p - nom
просто;ПРОСТО;PART;;;о;т;с;о;р;п;PART;ПРОСТО;PART
думаю;ДУМАТЬ;V ipf praes sg indic - 1p;;;ю;а;м;у;д;;V;ДУМАТЬ;V ipf praes sg indic - 1p
типа;ТИПА;PART;;;а;п;и;т;;;S;ТИП;S m inan gen sg
,;,;PUNC;;;;;;;;;PUNC;,;PUNC
че;ЧТО;CONJ;distort;;е;ч;;;;;S;ЧЕ;S n inan nonflex nonflex
за;ЗА;PR;;;а;з;;;;;PR;ЗА;PR
дичь;ДИЧЬ;S f inan acc sg;;;ь;ч;и;д;;;S;ДИЧЬ;S f inan acc sg
.;.;SENT;;;;;;;;;SENT;.;SENT
;;;;;;;;;;;;;
Ну;НУ;PART;;;у;н;;;;;PART;НУ;PART
короче;КОРОЧЕ;PARENTH;;;е;ч;о;р;о;к;ADV;КОРОЧЕ;ADV comp
,;,;PUNC;;;;;;;;;PUNC;,;PUNC
преподаватели;ПРЕПОДАВАТЕЛЬ;S m-f anim nom pl;;;и;л;е;т;а;в;S;ПРЕПОДАВАТЕЛЬ;S m anim nom pl
тоже;ТОЖЕ;PART;;;е;ж;о;т;;;PART;ТОЖЕ;PART
были;БЫТЬ;V ipf praet pl indic - -;;;и;л;ы;б;;;V;БЫТЬ;V ipf praet pl indic - -
связаны;СВЯЗАННЫЙ;A - - pl brev - -;;;ы;н;а;з;я;в;A;СВЯЗАННЫЙ;A - - pl brev - -
с;С;PR;;;с;;;;;;PR;С;PR
каким-то;КАКОЙ-ТО;APRO - ins sg plen m -;;;о;т;;м;и;к;A;КАКОЙ-ТО;A - ins sg plen m -
там;ТАМ;ADV -;;;м;а;т;;;;ADV;ТАМ;ADV -
?;?;SENT;;;;;;;;;SENT;?;SENT
;;;;;;;;;;;;;
Ну;НУ;PART;;;у;н;;;;;PART;НУ;PART
,;,;PUNC;;;;;;;;;PUNC;,;PUNC
уже;УЖЕ;ADV -;;;е;ж;у;;;;ADV;УЖЕ;ADV -
международными;МЕЖДУНАРОДНЫЙ;A - ins pl plen - -;;;и;м;ы;н;д;о;A;МЕЖДУНАРОДНЫЙ;A - ins pl plen - -
отношениями;ОТНОШЕНИЕ;S n inan ins pl;;;и;м;я;и;н;е;S;ОТНОШЕНИЕ;S n inan ins pl
,;,;PUNC;;;;;;;;;PUNC;,;PUNC
и;И;CONJ;;;и;;;;;;CONJ;И;CONJ
как бы;как бы;-;;;ы;б; ;к;а;к;-;как бы;-
ничего;НИЧТО;SPRO n - gen sg;;;о;г;е;ч;и;н;S;НИЧТО;S n - gen sg
там;ТАМ;ADV -;;;м;а;т;;;;ADV;ТАМ;ADV -
такого;ТАКОЙ;APRO - gen sg plen n -;;;о;г;о;к;а;т;A;ТАКОЙ;A - gen sg plen n -
,;,;PUNC;;;;;;;;;PUNC;,;PUNC
хотя;ХОТЯ;CONJ;;;я;т;о;х;;;CONJ;ХОТЯ;CONJ
вот;ВОТ;PART;;;т;о;в;;;;PART;ВОТ;PART
у;У;PR;;;у;;;;;;PR;У;PR
нас;МЫ;SPRO pl 1p - loc2;;;с;а;н;;;;SPRO;МЫ;SPRO pl 1p - loc
,;,;PUNC;;;;;;;;;PUNC;,;PUNC
ну;НУ;PART;;;у;н;;;;;PART;НУ;PART
,;,;PUNC;;;;;;;;;PUNC;,;PUNC
то;ТО;PARENTH;;;о;т;;;;;NONLEX;ТО;NONLEX
,;,;PUNC;;;;;;;;;PUNC;,;PUNC
как бы;как бы;-;;;ы;б; ;к;а;к;-;как бы;-
,;,;PUNC;;;;;;;;;PUNC;,;PUNC
что;ЧТО;CONJ;;;о;т;ч;;;;CONJ;ЧТО;CONJ
касается;КАСАТЬСЯ;V ipf praes sg indic - 3p;;;я;с;т;е;а;с;V;КАСАТЬСЯ;V ipf praes sg indic - 3p
России;РОССИЯ;S f inan gen sg;;;и;и;с;с;о;р;S;РОССИЯ;S f inan gen sg
и;И;CONJ;;;и;;;;;;CONJ;И;CONJ
преподаватель;ПРЕПОДАВАТЕЛЬ;S m-f anim nom sg;;;ь;л;е;т;а;в;S;ПРЕПОДАВАТЕЛЬ;S m anim nom sg
высказывает;ВЫСКАЗЫВАТЬ;V ipf praes sg indic - 3p;;;т;е;а;в;ы;з;V;ВЫСКАЗЫВАТЬ;V ipf praes sg indic - 3p
свое;СВОЙ;APRO - nom sg plen n -;;;е;о;в;с;;;A;СВОЙ;A - nom sg plen n -
мнение;МНЕНИЕ;S n inan acc sg;;;е;и;н;е;н;м;S;МНЕНИЕ;S n inan nom sg
касательно;КАСАТЕЛЬНО;PR;;;о;н;ь;л;е;т;PR;КАСАТЕЛЬНО;PR
какого-то;КАКОЙ-ТО;APRO - gen sg plen m -;;;о;т;;о;г;о;A;КАКОЙ-ТО;A - gen sg plen m -
аспекта;АСПЕКТ;S m inan gen sg;;;а;т;к;е;п;с;S;АСПЕКТ;S m inan gen sg
,;,;PUNC;;;;;;;;;PUNC;,;PUNC
о;О;PR;;;о;;;;;;PR;О;PR
котором;КОТОРЫЙ;APRO - loc sg plen m -;;;м;о;р;о;т;о;A;КОТОРЫЙ;A - loc sg plen m -
мы;МЫ;SPRO pl 1p - nom;;;ы;м;;;;;SPRO;МЫ;SPRO pl 1p - nom
говорим;ГОВОРИТЬ;V ipf praes pl indic - 1p;;;м;и;р;о;в;о;V;ГОВОРИТЬ;V ipf praes pl indic - 1p
,;,;PUNC;;;;;;;;;PUNC;,;PUNC
вот;ВОТ;PARENTH;;;т;о;в;;;;PART;ВОТ;PART
,;,;PUNC;;;;;;;;;PUNC;,;PUNC
и;И;CONJ;;;и;;;;;;CONJ;И;CONJ
она;ОНА;SPRO sg 3p f nom;;;а;н;о;;;;SPRO;ОНА;SPRO sg 3p f nom
говорит;ГОВОРИТЬ;V ipf praes sg indic - 3p;;;т;и;р;о;в;о;V;ГОВОРИТЬ;V ipf praes sg indic - 3p
,;,;PUNC;;;;;;;;;PUNC;,;PUNC
что;ЧТО;CONJ;;;о;т;ч;;;;CONJ;ЧТО;CONJ
вообще;ВООБЩЕ;ADV -;;;е;щ;б;о;о;в;ADV;ВООБЩЕ;ADV -
,;,;PUNC;;;;;;;;;PUNC;,;PUNC
ну;НУ;PART;;;у;н;;;;;PART;НУ;PART
,;,;PUNC;;;;;;;;;PUNC;,;PUNC
со стороны;со стороны;ZERO;;;ы;н;о;р;о;т;ZERO;со стороны;ZERO
преподавателя;ПРЕПОДАВАТЕЛЬ;S m-f anim acc sg;;;я;л;е;т;а;в;S;ПРЕПОДАВАТЕЛЬ;S m anim acc sg
как бы;как бы;-;;;ы;б; ;к;а;к;-;как бы;-
,;,;PUNC;;;;;;;;;PUNC;,;PUNC
и;И;CONJ;;;и;;;;;;CONJ;И;CONJ
для;ДЛЯ;PR;;;я;л;д;;;;PR;ДЛЯ;PR
меня;Я;SPRO sg 1p - acc;;;я;н;е;м;;;SPRO;Я;SPRO sg 1p - acc
это;ЭТО;SPRO n - nom sg;;;о;т;э;;;;S;ЭТО;S n - nom sg
очень;ОЧЕНЬ;PRAEDIC;;;ь;н;е;ч;о;;ADV;ОЧЕНЬ;ADV -
?;?;SENT;;;;;;;;;SENT;?;SENT
